TIME,LATITUDE,LONGITUDE,TYPE,TAC,PCI,ECI,EARFCN,RSSI,RSRP,RSRQ,SINR,NID,BID,SID,CDMADBM,CDMAECIO
20230228 11:39:28.772,31.287611,121.21003,LTE,59463,97,243855185,1650,-69,-69,-6,19.0,14,8956,13840,-75,-12.8
20230228 11:39:29.041,31.287611,121.21003,LTE,59463,97,243855185,1650,-69,-69,-6,9.0,14,8956,13840,-75,-12.8
20230228 11:39:29.694,31.28759,121.210017,LTE,59463,97,243855185,1650,-69,-69,-6,9.0,14,8956,13840,-75,-12.8
20230228 11:39:29.952,31.28759,121.210017,LTE,59463,97,243855185,1650,-71,-69,-6,9.0,14,8956,13840,-75,-12.8
20230228 11:39:30.674,31.287571,121.210006,LTE,59463,97,243855185,1650,-71,-69,-6,9.0,14,8956,13840,-75,-12.8
20230228 11:39:31.688,31.287555,121.209999,LTE,59463,97,243855185,1650,-71,-69,-6,9.0,14,8956,13840,-75,-12.8
20230228 11:39:32.322,31.287555,121.209999,LTE,59463,97,243855185,1650,-77,-69,-6,9.0,14,8956,13840,-75,-12.8
20230228 11:39:32.731,31.287542,121.209994,LTE,59463,97,243855185,1650,-77,-69,-6,9.0,14,8956,13840,-75,-12.8
20230228 11:39:33.709,31.287532,121.20999,LTE,59463,97,243855185,1650,-77,-69,-6,9.0,14,8956,13840,-75,-12.8
20230228 11:39:34.685,31.287532,121.20999,LTE,59463,97,243855185,1650,-81,-69,-6,9.0,14,8956,13840,-75,-12.8
20230228 11:39:34.710,31.287522,121.209988,LTE,59463,97,243855185,1650,-81,-69,-6,9.0,14,8956,13840,-75,-12.8
20230228 11:39:35.117,31.287522,121.209988,LTE,59463,97,243855185,1650,-81,-74,-6,9.0,14,8956,13840,-76,-12.8
20230228 11:39:35.857,31.28751,121.209982,LTE,59463,97,243855185,1650,-81,-74,-6,9.0,14,8956,13840,-76,-12.8
20230228 11:39:36.627,31.287497,121.209978,LTE,59463,97,243855185,1650,-81,-74,-6,9.0,14,8956,13840,-76,-12.8
20230228 11:39:37.043,31.287497,121.209978,LTE,59463,97,243855185,1650,-87,-74,-6,9.0,14,8956,13840,-76,-12.8
20230228 11:39:37.709,31.287487,121.209973,LTE,59463,97,243855185,1650,-87,-74,-6,9.0,14,8956,13840,-76,-12.8
20230228 11:39:38.721,31.287475,121.209965,LTE,59463,97,243855185,1650,-87,-74,-6,9.0,14,8956,13840,-76,-12.8
20230228 11:39:39.390,31.287475,121.209965,LTE,59463,97,243855185,1650,-85,-74,-6,9.0,14,8956,13840,-76,-12.8
20230228 11:39:39.693,31.287462,121.209959,LTE,59463,97,243855185,1650,-85,-74,-6,9.0,14,8956,13840,-76,-12.8
20230228 11:39:40.757,31.28745,121.209953,LTE,59463,97,243855185,1650,-85,-74,-6,9.0,14,8956,13840,-76,-12.8
20230228 11:39:41.140,31.28745,121.209953,LTE,59463,97,243855185,1650,-85,-79,-6,9.0,14,8956,13840,-78,-12.8
20230228 11:39:41.789,31.287441,121.209946,LTE,59463,97,243855185,1650,-85,-79,-6,9.0,14,8956,13840,-78,-12.8
20230228 11:39:42.687,31.287432,121.209941,LTE,59463,97,243855185,1650,-85,-79,-6,9.0,14,8956,13840,-78,-12.8
20230228 11:39:43.692,31.287424,121.209937,LTE,59463,97,243855185,1650,-85,-79,-6,9.0,14,8956,13840,-78,-12.8
20230228 11:39:44.130,31.287424,121.209937,LTE,59463,97,243855185,1650,-87,-79,-6,9.0,14,8956,13840,-78,-12.8
20230228 11:39:44.760,31.287416,121.209931,LTE,59463,97,243855185,1650,-87,-79,-6,9.0,14,8956,13840,-78,-12.8
20230228 11:39:45.781,31.287408,121.209925,LTE,59463,97,243855185,1650,-87,-79,-6,9.0,14,8956,13840,-78,-12.8
20230228 11:39:46.684,31.2874,121.209918,LTE,59463,97,243855185,1650,-87,-79,-6,9.0,14,8956,13840,-78,-12.8
20230228 11:39:47.125,31.2874,121.209918,LTE,59463,97,243855185,1650,-87,-83,-6,9.0,14,8956,13840,-79,-12.8
20230228 11:39:47.701,31.287392,121.209909,LTE,59463,97,243855185,1650,-87,-83,-6,9.0,14,8956,13840,-79,-12.8
20230228 11:39:48.977,31.287392,121.209909,LTE,59463,163,244270623,1650,-93,-83,-6,9.0,14,8956,13840,-79,-12.8
20230228 11:39:48.983,31.287383,121.209901,LTE,59463,163,244270623,1650,-93,-83,-6,9.0,14,8956,13840,-79,-12.8
20230228 11:39:49.160,31.287383,121.209901,LTE,59463,163,244270623,1650,-93,-83,-6,9.0,14,13076,13840,-79,-12.8
20230228 11:39:49.624,31.287377,121.209894,LTE,59463,163,244270623,1650,-93,-83,-6,9.0,14,13076,13840,-79,-12.8
20230228 11:39:50.750,31.287368,121.209887,LTE,59463,163,244270623,1650,-93,-83,-6,9.0,14,13076,13840,-79,-12.8
20230228 11:39:51.501,31.287368,121.209887,LTE,59463,163,244270623,1650,-85,-83,-6,9.0,14,13076,13840,-79,-12.8
20230228 11:39:51.573,31.287368,121.209887,LTE,59463,163,244270623,1650,-83,-83,-6,9.0,14,13076,13840,-79,-12.8
20230228 11:39:51.643,31.28736,121.209879,LTE,59463,163,244270623,1650,-83,-83,-6,9.0,14,13076,13840,-79,-12.8
20230228 11:39:52.686,31.28736,121.209879,LTE,59463,163,244270623,1650,-83,-83,-6,9.0,14,13076,13840,-79,-12.8
20230228 11:39:52.703,31.28735,121.209871,LTE,59463,163,244270623,1650,-83,-83,-6,9.0,14,13076,13840,-79,-12.8
20230228 11:39:53.127,31.28735,121.209871,LTE,59463,163,244270623,1650,-83,-86,-6,9.0,14,13076,13840,-80,-12.8
20230228 11:39:54.060,31.28735,121.209871,LTE,59463,60,13073675,1650,-89,-86,-6,9.0,14,13076,13840,-80,-12.8
20230228 11:39:54.067,31.287338,121.209862,LTE,59463,60,13073675,1650,-89,-86,-6,9.0,14,13076,13840,-80,-12.8
20230228 11:39:54.695,31.287327,121.209852,LTE,59463,60,13073675,1650,-89,-86,-6,9.0,14,13076,13840,-80,-12.8
20230228 11:39:55.663,31.287315,121.209844,LTE,59463,60,13073675,1650,-89,-86,-6,9.0,14,13076,13840,-80,-12.8
20230228 11:39:56.698,31.287315,121.209844,LTE,59463,417,10562887,1650,-85,-86,-6,9.0,14,13076,13840,-80,-12.8
20230228 11:39:56.845,31.287305,121.209837,LTE,59463,417,10562887,1650,-85,-86,-6,9.0,14,13076,13840,-80,-12.8
20230228 11:39:57.853,31.287305,121.209837,LTE,59463,417,10562887,1650,-85,-86,-6,9.0,14,13076,13840,-80,-12.8
20230228 11:39:57.858,31.287294,121.209829,LTE,59463,417,10562887,1650,-85,-86,-6,9.0,14,13076,13840,-80,-12.8
20230228 11:39:58.684,31.287282,121.20982,LTE,59463,417,10562887,1650,-85,-86,-6,9.0,14,13076,13840,-80,-12.8
20230228 11:39:59.026,31.287282,121.20982,LTE,59463,163,10562887,1650,-91,-86,-6,9.0,14,13076,13840,-80,-12.8
20230228 11:39:59.145,31.287282,121.20982,LTE,59463,163,10562887,1650,-91,-88,-6,9.0,14,13076,13840,-80,-12.8
20230228 11:39:59.685,31.287271,121.209812,LTE,59463,163,10562887,1650,-91,-88,-6,9.0,14,13076,13840,-80,-12.8
20230228 11:40:00.743,31.28726,121.209803,LTE,59463,163,10562887,1650,-91,-88,-6,9.0,14,13076,13840,-80,-12.8
20230228 11:40:01.401,31.28726,121.209803,LTE,59463,417,10562887,1650,-89,-88,-6,9.0,14,13076,13840,-80,-12.8
20230228 11:40:01.684,31.287249,121.209793,LTE,59463,417,10562887,1650,-89,-88,-6,9.0,14,13076,13840,-80,-12.8
20230228 11:40:02.753,31.287238,121.209783,LTE,59463,417,10562887,1650,-89,-88,-6,9.0,14,13076,13840,-80,-12.8
20230228 11:40:03.774,31.287238,121.209783,LTE,59463,417,10562887,1650,-83,-88,-6,9.0,14,13076,13840,-80,-12.8
20230228 11:40:03.784,31.287228,121.209774,LTE,59463,417,10562887,1650,-83,-88,-6,9.0,14,13076,13840,-80,-12.8
20230228 11:40:04.748,31.287218,121.209764,LTE,59463,417,10562887,1650,-83,-88,-6,9.0,14,13076,13840,-80,-12.8
20230228 11:40:05.159,31.287218,121.209764,LTE,59463,417,10562887,1650,-83,-81,-6,9.0,14,13076,13840,-80,-12.8
20230228 11:40:05.579,31.287218,121.209764,LTE,59463,417,10562887,1650,-83,-81,-11,-4.0,14,13076,13840,-80,-12.1
20230228 11:40:05.696,31.287209,121.209755,LTE,59463,417,10562887,1650,-83,-81,-11,-4.0,14,13076,13840,-80,-12.1
20230228 11:40:06.127,31.287209,121.209755,LTE,59463,417,10562887,1650,-81,-81,-11,-4.0,14,13076,13840,-80,-12.1
20230228 11:40:06.723,31.2872,121.209746,LTE,59463,417,10562887,1650,-81,-81,-11,-4.0,14,13076,13840,-80,-12.1
20230228 11:40:07.677,31.287192,121.209736,LTE,59463,417,10562887,1650,-81,-81,-11,-4.0,14,13076,13840,-80,-12.1
20230228 11:40:08.448,31.287192,121.209736,LTE,59463,417,10562887,1650,-83,-81,-11,-4.0,14,13076,13840,-80,-12.1
20230228 11:40:08.676,31.287186,121.209727,LTE,59463,417,10562887,1650,-83,-81,-11,-4.0,14,13076,13840,-80,-12.1
20230228 11:40:09.691,31.287178,121.209718,LTE,59463,417,10562887,1650,-83,-81,-11,-4.0,14,13076,13840,-80,-12.1
20230228 11:40:10.854,31.287178,121.209718,LTE,59463,417,10562887,1650,-87,-81,-11,-4.0,14,13076,13840,-80,-12.1
20230228 11:40:10.860,31.287169,121.209706,LTE,59463,417,10562887,1650,-87,-81,-11,-4.0,14,13076,13840,-80,-12.1
20230228 11:40:11.589,31.287169,121.209706,LTE,59463,417,10562887,1650,-87,-83,-11,-4.0,14,13076,13840,-75,-12.1
20230228 11:40:11.712,31.287158,121.209696,LTE,59463,417,10562887,1650,-87,-83,-11,-4.0,14,13076,13840,-75,-12.1
20230228 11:40:12.754,31.287147,121.209685,LTE,59463,417,10562887,1650,-87,-83,-11,-4.0,14,13076,13840,-75,-12.1
20230228 11:40:13.203,31.287147,121.209685,LTE,59463,417,10562887,1650,-85,-83,-11,-4.0,14,13076,13840,-75,-12.1
20230228 11:40:13.712,31.287137,121.209675,LTE,59463,417,10562887,1650,-85,-83,-11,-4.0,14,13076,13840,-75,-12.1
20230228 11:40:14.763,31.287129,121.209665,LTE,59463,417,10562887,1650,-85,-83,-11,-4.0,14,13076,13840,-75,-12.1
20230228 11:40:15.574,31.287129,121.209665,LTE,59463,417,10562887,1650,-81,-83,-11,-4.0,14,13076,13840,-75,-12.1
20230228 11:40:15.689,31.287119,121.209654,LTE,59463,417,10562887,1650,-81,-83,-11,-4.0,14,13076,13840,-75,-12.1
20230228 11:40:16.748,31.287119,121.209654,LTE,59463,417,10562887,1650,-81,-83,-11,-4.0,14,13076,13840,-75,-12.1
20230228 11:40:16.753,31.287106,121.209643,LTE,59463,417,10562887,1650,-81,-83,-11,-4.0,14,13076,13840,-75,-12.1
20230228 11:40:17.599,31.287106,121.209643,LTE,59463,417,10562887,1650,-83,-84,-11,-4.0,14,13076,13840,-76,-12.1
20230228 11:40:17.659,31.287094,121.209633,LTE,59463,417,10562887,1650,-83,-84,-11,-4.0,14,13076,13840,-76,-12.1
20230228 11:40:18.272,31.287094,121.209633,LTE,59463,417,10562887,1650,-83,-84,-11,-4.0,14,13076,13840,-76,-12.1
20230228 11:40:18.718,31.287082,121.209623,LTE,59463,417,10562887,1650,-83,-84,-11,-4.0,14,13076,13840,-76,-12.1
20230228 11:40:19.686,31.287068,121.209615,LTE,59463,417,10562887,1650,-83,-84,-11,-4.0,14,13076,13840,-76,-12.1
20230228 11:40:20.256,31.287068,121.209615,LTE,59463,417,10562887,1650,-85,-84,-11,-4.0,14,13076,13840,-76,-12.1
20230228 11:40:20.681,31.287056,121.209606,LTE,59463,417,10562887,1650,-85,-84,-11,-4.0,14,13076,13840,-76,-12.1
20230228 11:40:21.743,31.287045,121.209596,LTE,59463,417,10562887,1650,-85,-84,-11,-4.0,14,13076,13840,-76,-12.1
20230228 11:40:22.610,31.287045,121.209596,LTE,59463,417,10562887,1650,-81,-84,-11,-4.0,14,13076,13840,-76,-12.1
20230228 11:40:22.682,31.287033,121.209588,LTE,59463,417,10562887,1650,-81,-84,-11,-4.0,14,13076,13840,-76,-12.1
20230228 11:40:23.632,31.287033,121.209588,LTE,59463,417,10562887,1650,-81,-81,-11,-4.0,14,13076,13840,-75,-12.1
20230228 11:40:23.819,31.287021,121.20958,LTE,59463,417,10562887,1650,-81,-81,-11,-4.0,14,13076,13840,-75,-12.1
20230228 11:40:24.695,31.28701,121.20957,LTE,59463,417,10562887,1650,-81,-81,-11,-4.0,14,13076,13840,-75,-12.1
20230228 11:40:25.685,31.286999,121.20956,LTE,59463,417,10562887,1650,-81,-81,-11,-4.0,14,13076,13840,-75,-12.1
20230228 11:40:25.833,31.286999,121.20956,LTE,59463,417,10562887,1650,-81,-77,-6,11.0,14,13076,13840,-75,-8.5
20230228 11:40:26.309,31.286999,121.20956,LTE,59463,417,10562887,1650,-81,-77,-5,-2.0,14,13076,13840,-75,-8.5
20230228 11:40:26.673,31.286988,121.209549,LTE,59463,417,10562887,1650,-81,-77,-5,-2.0,14,13076,13840,-75,-8.5
20230228 11:40:27.367,31.286988,121.209549,LTE,59463,417,10562887,1650,-85,-77,-5,-2.0,14,13076,13840,-75,-8.5
20230228 11:40:27.698,31.286977,121.209541,LTE,59463,417,10562887,1650,-85,-77,-5,-2.0,14,13076,13840,-75,-8.5
20230228 11:40:28.732,31.286964,121.209532,LTE,59463,417,10562887,1650,-85,-77,-5,-2.0,14,13076,13840,-75,-8.5
20230228 11:40:29.724,31.286964,121.209532,LTE,59463,417,10562887,1650,-81,-77,-5,-2.0,14,13076,13840,-75,-8.5
20230228 11:40:29.761,31.286952,121.209524,LTE,59463,417,10562887,1650,-81,-77,-5,-2.0,14,13076,13840,-75,-8.5
20230228 11:40:30.868,31.286952,121.209524,LTE,59463,417,10562887,1650,-81,-77,-5,-2.0,14,13076,13840,-75,-8.5
20230228 11:40:30.873,31.286939,121.209517,LTE,59463,417,10562887,1650,-81,-77,-5,-2.0,14,13076,13840,-75,-8.5
20230228 11:40:31.696,31.286926,121.209509,LTE,59463,417,10562887,1650,-81,-77,-5,-2.0,14,13076,13840,-75,-8.5
20230228 11:40:32.054,31.286926,121.209509,LTE,59463,417,10562887,1650,-85,-77,-5,-2.0,14,13076,13840,-75,-8.5
20230228 11:40:32.315,31.286926,121.209509,LTE,59463,417,10562887,1650,-85,-79,-5,-2.0,14,13076,13840,-71,-8.5
20230228 11:40:32.821,31.286912,121.209502,LTE,59463,417,10562887,1650,-85,-79,-5,-2.0,14,13076,13840,-71,-8.5
20230228 11:40:33.699,31.2869,121.209495,LTE,59463,417,10562887,1650,-85,-79,-5,-2.0,14,13076,13840,-71,-8.5
20230228 11:40:34.366,31.2869,121.209495,LTE,59463,417,10562887,1650,-81,-79,-5,-2.0,14,13076,13840,-71,-8.5
20230228 11:40:34.726,31.286888,121.209488,LTE,59463,417,10562887,1650,-81,-79,-5,-2.0,14,13076,13840,-71,-8.5
20230228 11:40:35.706,31.286876,121.209482,LTE,59463,417,10562887,1650,-81,-79,-5,-2.0,14,13076,13840,-71,-8.5
20230228 11:40:36.729,31.286876,121.209482,LTE,59463,417,10562887,1650,-79,-79,-5,-2.0,14,13076,13840,-71,-8.5
20230228 11:40:36.741,31.286865,121.209474,LTE,59463,417,10562887,1650,-79,-79,-5,-2.0,14,13076,13840,-71,-8.5
20230228 11:40:37.696,31.286853,121.209467,LTE,59463,417,10562887,1650,-79,-79,-5,-2.0,14,13076,13840,-71,-8.5
20230228 11:40:38.307,31.286853,121.209467,LTE,59463,417,10562887,1650,-79,-80,-5,-2.0,14,13076,13840,-72,-8.5
20230228 11:40:38.703,31.286841,121.209458,LTE,59463,417,10562887,1650,-79,-80,-5,-2.0,14,13076,13840,-72,-8.5
20230228 11:40:39.037,31.286841,121.209458,LTE,59463,417,10562887,1650,-83,-80,-5,-2.0,14,13076,13840,-72,-8.5
20230228 11:40:39.696,31.286828,121.209449,LTE,59463,417,10562887,1650,-83,-80,-5,-2.0,14,13076,13840,-72,-8.5
20230228 11:40:40.691,31.286816,121.20944,LTE,59463,417,10562887,1650,-83,-80,-5,-2.0,14,13076,13840,-72,-8.5
20230228 11:40:41.390,31.286816,121.20944,LTE,59463,417,10562887,1650,-87,-80,-5,-2.0,14,13076,13840,-72,-8.5
20230228 11:40:41.711,31.286802,121.209433,LTE,59463,417,10562887,1650,-87,-80,-5,-2.0,14,13076,13840,-72,-8.5
20230228 11:40:42.744,31.286789,121.209424,LTE,59463,417,10562887,1650,-87,-80,-5,-2.0,14,13076,13840,-72,-8.5
20230228 11:40:43.775,31.286789,121.209424,LTE,59463,417,10562887,1650,-87,-80,-5,-2.0,14,13076,13840,-72,-8.5
20230228 11:40:43.782,31.286775,121.209415,LTE,59463,417,10562887,1650,-87,-80,-5,-2.0,14,13076,13840,-72,-8.5
20230228 11:40:44.314,31.286775,121.209415,LTE,59463,417,10562887,1650,-87,-81,-5,-2.0,14,13076,13840,-73,-8.5
20230228 11:40:44.695,31.286761,121.209405,LTE,59463,417,10562887,1650,-87,-81,-5,-2.0,14,13076,13840,-73,-8.5
20230228 11:40:45.710,31.286748,121.209394,LTE,59463,417,10562887,1650,-87,-81,-5,-2.0,14,13076,13840,-73,-8.5
20230228 11:40:46.130,31.286748,121.209394,LTE,59463,417,10562887,1650,-89,-81,-5,-2.0,14,13076,13840,-73,-8.5
20230228 11:40:46.692,31.286735,121.209385,LTE,59463,417,10562887,1650,-89,-81,-5,-2.0,14,13076,13840,-73,-8.5
20230228 11:40:47.727,31.286723,121.209374,LTE,59463,417,10562887,1650,-89,-81,-5,-2.0,14,13076,13840,-73,-8.5
20230228 11:40:48.461,31.286723,121.209374,LTE,59463,417,10562887,1650,-87,-81,-5,-2.0,14,13076,13840,-73,-8.5
20230228 11:40:48.767,31.286711,121.209363,LTE,59463,417,10562887,1650,-87,-81,-5,-2.0,14,13076,13840,-73,-8.5
20230228 11:40:49.722,31.286699,121.209354,LTE,59463,417,10562887,1650,-87,-81,-5,-2.0,14,13076,13840,-73,-8.5
20230228 11:40:50.328,31.286699,121.209354,LTE,59463,417,10562887,1650,-87,-83,-5,-2.0,14,13076,13840,-73,-8.5
20230228 11:40:50.805,31.286699,121.209354,LTE,59463,417,10562887,1650,-85,-83,-5,-2.0,14,13076,13840,-73,-8.5
20230228 11:40:50.811,31.286689,121.209343,LTE,59463,417,10562887,1650,-85,-83,-5,-2.0,14,13076,13840,-73,-8.5
20230228 11:40:51.758,31.286678,121.209333,LTE,59463,417,10562887,1650,-85,-83,-5,-2.0,14,13076,13840,-73,-8.5
20230228 11:40:52.708,31.286668,121.209324,LTE,59463,417,10562887,1650,-85,-83,-5,-2.0,14,13076,13840,-73,-8.5
20230228 11:40:53.143,31.286668,121.209324,LTE,59463,417,10562887,1650,-87,-83,-5,-2.0,14,13076,13840,-73,-8.5
20230228 11:40:53.735,31.286658,121.209314,LTE,59463,417,10562887,1650,-87,-83,-5,-2.0,14,13076,13840,-73,-8.5
20230228 11:40:54.705,31.286646,121.209304,LTE,59463,417,10562887,1650,-87,-83,-5,-2.0,14,13076,13840,-73,-8.5
20230228 11:40:55.475,31.286646,121.209304,LTE,59463,417,10562887,1650,-81,-83,-5,-2.0,14,13076,13840,-73,-8.5
20230228 11:40:55.710,31.286634,121.209295,LTE,59463,417,10562887,1650,-81,-83,-5,-2.0,14,13076,13840,-73,-8.5
20230228 11:40:56.323,31.286634,121.209295,LTE,59463,417,10562887,1650,-81,-84,-5,-2.0,14,13076,13840,-75,-8.5
20230228 11:40:56.743,31.286622,121.209284,LTE,59463,417,10562887,1650,-81,-84,-5,-2.0,14,13076,13840,-75,-8.5
20230228 11:40:57.838,31.286622,121.209284,LTE,59463,97,243855185,1650,-85,-84,-5,-2.0,14,13076,13840,-75,-8.5
20230228 11:40:57.845,31.286611,121.209275,LTE,59463,97,243855185,1650,-85,-84,-5,-2.0,14,13076,13840,-75,-8.5
20230228 11:40:58.747,31.286598,121.209265,LTE,59463,97,243855185,1650,-85,-84,-5,-2.0,14,13076,13840,-75,-8.5
20230228 11:40:59.722,31.286587,121.209254,LTE,59463,97,243855185,1650,-85,-84,-5,-2.0,14,13076,13840,-75,-8.5
20230228 11:41:00.182,31.286587,121.209254,LTE,59463,97,243855185,1650,-79,-84,-5,-2.0,14,13076,13840,-75,-8.5
20230228 11:41:00.755,31.286574,121.209244,LTE,59463,97,243855185,1650,-79,-84,-5,-2.0,14,13076,13840,-75,-8.5
20230228 11:41:01.706,31.28656,121.209234,LTE,59463,97,243855185,1650,-79,-84,-5,-2.0,14,13076,13840,-75,-8.5
20230228 11:41:02.351,31.28656,121.209234,LTE,59463,97,243855185,1650,-83,-83,-5,-2.0,14,13076,13840,-75,-8.5
20230228 11:41:02.636,31.286545,121.209224,LTE,59463,97,243855185,1650,-83,-83,-5,-2.0,14,13076,13840,-75,-8.5
20230228 11:41:03.692,31.286545,121.209224,LTE,59463,97,243855185,1650,-83,-83,-5,-2.0,14,13076,13840,-75,-8.5
20230228 11:41:03.734,31.286531,121.209214,LTE,59463,97,243855185,1650,-83,-83,-5,-2.0,14,13076,13840,-75,-8.5
20230228 11:41:04.885,31.286531,121.209214,LTE,59463,97,243855185,1650,-83,-83,-5,-2.0,14,13076,13840,-75,-8.5
20230228 11:41:04.890,31.286517,121.209206,LTE,59463,97,243855185,1650,-83,-83,-5,-2.0,14,13076,13840,-75,-8.5
20230228 11:41:05.708,31.286502,121.209197,LTE,59463,97,243855185,1650,-83,-83,-5,-2.0,14,13076,13840,-75,-8.5
20230228 11:41:06.780,31.28649,121.209187,LTE,59463,97,243855185,1650,-83,-83,-5,-2.0,14,13076,13840,-75,-8.5
20230228 11:41:07.225,31.28649,121.209187,LTE,59463,97,243855185,1650,-77,-83,-5,-2.0,14,13076,13840,-75,-8.5
20230228 11:41:07.703,31.286476,121.20918,LTE,59463,97,243855185,1650,-77,-83,-5,-2.0,14,13076,13840,-75,-8.5
20230228 11:41:08.445,31.286476,121.20918,LTE,59463,97,243855185,1650,-77,-74,-5,-2.0,14,13076,13840,-73,-8.5
20230228 11:41:08.692,31.286462,121.209171,LTE,59463,97,243855185,1650,-77,-74,-5,-2.0,14,13076,13840,-73,-8.5
20230228 11:41:08.830,31.286462,121.209171,LTE,59463,97,243855185,1650,-77,-74,-9,5.0,14,13076,13840,-73,-5.5
20230228 11:41:09.599,31.286462,121.209171,LTE,59463,97,243855185,1650,-81,-74,-9,5.0,14,13076,13840,-73,-5.5
20230228 11:41:09.669,31.286448,121.209165,LTE,59463,97,243855185,1650,-81,-74,-9,5.0,14,13076,13840,-73,-5.5
20230228 11:41:10.767,31.286448,121.209165,LTE,59463,97,243855185,1650,-81,-74,-9,5.0,14,13076,13840,-73,-5.5
20230228 11:41:10.773,31.286435,121.209158,LTE,59463,97,243855185,1650,-81,-74,-9,5.0,14,13076,13840,-73,-5.5
20230228 11:41:11.712,31.286421,121.20915,LTE,59463,97,243855185,1650,-81,-74,-9,5.0,14,13076,13840,-73,-5.5
20230228 11:41:12.713,31.286408,121.209141,LTE,59463,97,243855185,1650,-81,-74,-9,5.0,14,13076,13840,-73,-5.5
20230228 11:41:13.654,31.286396,121.209131,LTE,59463,97,243855185,1650,-81,-74,-9,5.0,14,13076,13840,-73,-5.5
20230228 11:41:14.728,31.286383,121.209124,LTE,59463,97,243855185,1650,-81,-74,-9,5.0,14,13076,13840,-73,-5.5
20230228 11:41:14.866,31.286383,121.209124,LTE,59463,97,243855185,1650,-81,-78,-9,5.0,14,13076,13840,-73,-5.5
20230228 11:41:15.719,31.286372,121.209114,LTE,59463,97,243855185,1650,-81,-78,-9,5.0,14,13076,13840,-73,-5.5
20230228 11:41:16.645,31.286372,121.209114,LTE,59463,97,243855185,1650,-79,-78,-9,5.0,14,13076,13840,-73,-5.5
20230228 11:41:16.761,31.28636,121.209105,LTE,59463,97,243855185,1650,-79,-78,-9,5.0,14,13076,13840,-73,-5.5
20230228 11:41:17.824,31.28636,121.209105,LTE,59463,97,243855185,1650,-79,-78,-9,5.0,14,13076,13840,-73,-5.5
20230228 11:41:17.832,31.286349,121.209096,LTE,59463,97,243855185,1650,-79,-78,-9,5.0,14,13076,13840,-73,-5.5
20230228 11:41:18.697,31.286337,121.209088,LTE,59463,97,243855185,1650,-79,-78,-9,5.0,14,13076,13840,-73,-5.5
20230228 11:41:19.008,31.286337,121.209088,LTE,59463,97,243855185,1650,-83,-78,-9,5.0,14,13076,13840,-73,-5.5
20230228 11:41:19.769,31.286326,121.209079,LTE,59463,97,243855185,1650,-83,-78,-9,5.0,14,13076,13840,-73,-5.5
20230228 11:41:20.199,31.286326,121.209079,LTE,59463,97,243855185,1650,-83,-78,-9,5.0,14,13076,13840,-73,-5.5
20230228 11:41:20.695,31.286315,121.209071,LTE,59463,97,243855185,1650,-83,-78,-9,5.0,14,13076,13840,-73,-5.5
20230228 11:41:20.846,31.286315,121.209071,LTE,59463,97,243855185,1650,-83,-76,-9,5.0,14,13076,13840,-70,-5.5
20230228 11:41:20.960,31.286315,121.209071,LTE,59463,97,243855185,1650,-83,-76,-9,7.0,14,13076,13840,-70,-5.8
20230228 11:41:21.758,31.286305,121.209062,LTE,59463,97,243855185,1650,-83,-76,-9,7.0,14,13076,13840,-70,-5.8
20230228 11:41:22.712,31.286294,121.209053,LTE,59463,97,243855185,1650,-83,-76,-9,7.0,14,13076,13840,-70,-5.8
20230228 11:41:23.741,31.286294,121.209053,LTE,59463,97,243855185,1650,-77,-76,-9,7.0,14,13076,13840,-70,-5.8
20230228 11:41:23.842,31.286284,121.209044,LTE,59463,97,243855185,1650,-77,-76,-9,7.0,14,13076,13840,-70,-5.8
20230228 11:41:24.922,31.286284,121.209044,LTE,59463,97,243855185,1650,-77,-76,-9,7.0,14,13076,13840,-70,-5.8
20230228 11:41:24.926,31.286274,121.209034,LTE,59463,97,243855185,1650,-77,-76,-9,7.0,14,13076,13840,-70,-5.8
20230228 11:41:25.734,31.286263,121.209025,LTE,59463,97,243855185,1650,-77,-76,-9,7.0,14,13076,13840,-70,-5.8
20230228 11:41:26.104,31.286263,121.209025,LTE,59463,97,243855185,1650,-79,-76,-9,7.0,14,13076,13840,-70,-5.8
20230228 11:41:26.770,31.286253,121.209017,LTE,59463,97,243855185,1650,-79,-76,-9,7.0,14,13076,13840,-70,-5.8
20230228 11:41:26.972,31.286253,121.209017,LTE,59463,97,243855185,1650,-79,-78,-9,7.0,14,13076,13840,-74,-5.8
20230228 11:41:27.710,31.286242,121.209009,LTE,59463,97,243855185,1650,-79,-78,-9,7.0,14,13076,13840,-74,-5.8
20230228 11:41:28.466,31.286242,121.209009,LTE,59463,97,243855185,1650,-75,-78,-9,7.0,14,13076,13840,-74,-5.8
20230228 11:41:28.739,31.286231,121.209002,LTE,59463,97,243855185,1650,-75,-78,-9,7.0,14,13076,13840,-74,-5.8
20230228 11:41:29.763,31.28622,121.208995,LTE,59463,97,243855185,1650,-75,-78,-9,7.0,14,13076,13840,-74,-5.8
20230228 11:41:30.829,31.28622,121.208995,LTE,59463,97,243855185,1650,-81,-78,-9,7.0,14,13076,13840,-74,-5.8
20230228 11:41:30.834,31.28621,121.208988,LTE,59463,97,243855185,1650,-81,-78,-9,7.0,14,13076,13840,-74,-5.8
20230228 11:41:31.700,31.286199,121.208982,LTE,59463,97,243855185,1650,-81,-78,-9,7.0,14,13076,13840,-74,-5.8
20230228 11:41:32.697,31.286188,121.208975,LTE,59463,97,243855185,1650,-81,-78,-9,7.0,14,13076,13840,-74,-5.8
20230228 11:41:32.969,31.286188,121.208975,LTE,59463,97,243855185,1650,-79,-80,-9,7.0,14,13076,13840,-74,-5.8
20230228 11:41:33.773,31.286177,121.208969,LTE,59463,97,243855185,1650,-79,-80,-9,7.0,14,13076,13840,-74,-5.8
20230228 11:41:34.689,31.286165,121.208965,LTE,59463,97,243855185,1650,-79,-80,-9,7.0,14,13076,13840,-74,-5.8
20230228 11:41:35.613,31.286165,121.208965,LTE,23996,279,96553012,1850,-75,-80,-9,7.0,14,13076,13840,-74,-5.8
20230228 11:41:35.728,31.286154,121.20896,LTE,23996,279,96553012,1850,-75,-80,-9,7.0,14,13076,13840,-74,-5.8
20230228 11:41:36.761,31.286154,121.20896,LTE,23996,279,96553012,1850,-75,-80,-9,7.0,14,13076,13840,-74,-5.8
20230228 11:41:36.766,31.286144,121.208954,LTE,23996,279,96553012,1850,-75,-80,-9,7.0,14,13076,13840,-74,-5.8
20230228 11:41:37.755,31.286133,121.208948,LTE,23996,279,96553012,1850,-75,-80,-9,7.0,14,13076,13840,-74,-5.8
20230228 11:41:38.736,31.286124,121.208943,LTE,23996,279,96553012,1850,-75,-80,-9,7.0,14,13076,13840,-74,-5.8
20230228 11:41:39.123,31.286124,121.208943,LTE,23996,279,96553012,1850,-75,-69,-9,7.0,14,13076,13840,-68,-5.8
20230228 11:41:39.261,31.286124,121.208943,LTE,23996,279,96553012,1850,-75,-69,-7,6.0,14,13076,13840,-68,-7.0
20230228 11:41:39.722,31.286115,121.208935,LTE,23996,279,96553012,1850,-75,-69,-7,6.0,14,13076,13840,-68,-7.0
20230228 11:41:40.276,31.286115,121.208935,LTE,23996,279,96553012,1850,-79,-69,-7,6.0,14,13076,13840,-68,-7.0
20230228 11:41:40.720,31.286106,121.208928,LTE,23996,279,96553012,1850,-79,-69,-7,6.0,14,13076,13840,-68,-7.0
20230228 11:41:41.700,31.286098,121.208922,LTE,23996,279,96553012,1850,-79,-69,-7,6.0,14,13076,13840,-68,-7.0
20230228 11:41:42.636,31.286098,121.208922,LTE,23996,279,96553012,1850,-81,-69,-7,6.0,14,13076,13840,-68,-7.0
20230228 11:41:42.708,31.286088,121.208915,LTE,23996,279,96553012,1850,-81,-69,-7,6.0,14,13076,13840,-68,-7.0
20230228 11:41:43.803,31.286088,121.208915,LTE,23996,279,96553012,1850,-81,-69,-7,6.0,14,13076,13840,-68,-7.0
20230228 11:41:43.813,31.286078,121.208908,LTE,23996,279,96553012,1850,-81,-69,-7,6.0,14,13076,13840,-68,-7.0
20230228 11:41:44.775,31.286066,121.208899,LTE,23996,279,96553012,1850,-81,-69,-7,6.0,14,13076,13840,-68,-7.0
20230228 11:41:45.025,31.286066,121.208899,LTE,23996,205,96769074,1850,-75,-69,-7,6.0,14,13076,13840,-68,-7.0
20230228 11:41:45.272,31.286066,121.208899,LTE,23996,205,96769074,1850,-75,-70,-7,6.0,14,13076,13840,-69,-7.0
20230228 11:41:45.769,31.286054,121.20889,LTE,23996,205,96769074,1850,-75,-70,-7,6.0,14,13076,13840,-69,-7.0
20230228 11:41:46.783,31.286043,121.208885,LTE,23996,205,96769074,1850,-75,-70,-7,6.0,14,13076,13840,-69,-7.0
20230228 11:41:47.712,31.286032,121.208879,LTE,23996,205,96769074,1850,-75,-70,-7,6.0,14,13076,13840,-69,-7.0
20230228 11:41:48.694,31.286021,121.208873,LTE,23996,205,96769074,1850,-75,-70,-7,6.0,14,13076,13840,-69,-7.0
20230228 11:41:49.712,31.286021,121.208873,LTE,23996,205,96769074,1850,-61,-70,-7,6.0,14,13076,13840,-69,-7.0
20230228 11:41:49.736,31.286011,121.208867,LTE,23996,205,96769074,1850,-61,-70,-7,6.0,14,13076,13840,-69,-7.0
20230228 11:41:50.691,31.286,121.20886,LTE,23996,205,96769074,1850,-61,-70,-7,6.0,14,13076,13840,-69,-7.0
20230228 11:41:51.281,31.286,121.20886,LTE,23996,205,96769074,1850,-61,-60,-7,6.0,14,13076,13840,-71,-7.0
20230228 11:41:51.703,31.285989,121.208854,LTE,23996,205,96769074,1850,-61,-60,-7,6.0,14,13076,13840,-71,-7.0
20230228 11:41:52.028,31.285989,121.208854,LTE,23996,205,96769074,1850,-71,-60,-7,6.0,14,13076,13840,-71,-7.0
20230228 11:41:52.714,31.285978,121.208848,LTE,23996,205,96769074,1850,-71,-60,-7,6.0,14,13076,13840,-71,-7.0
20230228 11:41:53.788,31.285968,121.208842,LTE,23996,205,96769074,1850,-71,-60,-7,6.0,14,13076,13840,-71,-7.0
20230228 11:41:54.396,31.285968,121.208842,LTE,23996,205,96769074,1850,-83,-60,-7,6.0,14,13076,13840,-71,-7.0
20230228 11:41:54.766,31.285959,121.208836,LTE,23996,205,96769074,1850,-83,-60,-7,6.0,14,13076,13840,-71,-7.0
20230228 11:41:55.688,31.285948,121.208831,LTE,23996,205,96769074,1850,-83,-60,-7,6.0,14,13076,13840,-71,-7.0
20230228 11:41:56.732,31.285948,121.208831,LTE,23996,205,96769074,1850,-69,-60,-7,6.0,14,13076,13840,-71,-7.0
20230228 11:41:56.739,31.285938,121.208826,LTE,23996,205,96769074,1850,-69,-60,-7,6.0,14,13076,13840,-71,-7.0
20230228 11:41:57.278,31.285938,121.208826,LTE,23996,205,96769074,1850,-69,-61,-7,6.0,14,13076,13840,-69,-7.0
20230228 11:41:57.723,31.285927,121.208819,LTE,23996,205,96769074,1850,-69,-61,-7,6.0,14,13076,13840,-69,-7.0
20230228 11:41:58.709,31.285915,121.208813,LTE,23996,205,96769074,1850,-69,-61,-7,6.0,14,13076,13840,-69,-7.0
20230228 11:41:59.059,31.285915,121.208813,LTE,23996,205,96769074,1850,-77,-61,-7,6.0,14,13076,13840,-69,-7.0
20230228 11:41:59.699,31.285903,121.208806,LTE,23996,205,96769074,1850,-77,-61,-7,6.0,14,13076,13840,-69,-7.0
20230228 11:42:00.703,31.285891,121.2088,LTE,23996,205,96769074,1850,-77,-61,-7,6.0,14,13076,13840,-69,-7.0
20230228 11:42:01.424,31.285891,121.2088,LTE,23996,205,96769074,1850,-81,-61,-7,6.0,14,13076,13840,-69,-7.0
20230228 11:42:01.700,31.285879,121.208794,LTE,23996,205,96769074,1850,-81,-61,-7,6.0,14,13076,13840,-69,-7.0
20230228 11:42:02.693,31.285867,121.208787,LTE,23996,205,96769074,1850,-81,-61,-7,6.0,14,13076,13840,-69,-7.0
20230228 11:42:03.305,31.285867,121.208787,LTE,23996,205,96769074,1850,-81,-65,-7,6.0,14,13076,13840,-69,-7.0
20230228 11:42:03.791,31.285867,121.208787,LTE,23996,205,96769074,1850,-73,-65,-7,6.0,14,13076,13840,-69,-7.0
20230228 11:42:03.799,31.285854,121.208779,LTE,23996,205,96769074,1850,-73,-65,-7,6.0,14,13076,13840,-69,-7.0
20230228 11:42:04.693,31.285839,121.208769,LTE,23996,205,96769074,1850,-73,-65,-7,6.0,14,13076,13840,-69,-7.0
20230228 11:42:05.699,31.285827,121.20876,LTE,23996,205,96769074,1850,-73,-65,-7,6.0,14,13076,13840,-69,-7.0
20230228 11:42:06.149,31.285827,121.20876,LTE,23996,205,96769074,1850,-75,-65,-7,6.0,14,13076,13840,-69,-7.0
20230228 11:42:06.771,31.285815,121.20875,LTE,23996,205,96769074,1850,-75,-65,-7,6.0,14,13076,13840,-69,-7.0
20230228 11:42:07.783,31.285804,121.20874,LTE,23996,205,96769074,1850,-75,-65,-7,6.0,14,13076,13840,-69,-7.0
20230228 11:42:08.508,31.285804,121.20874,LTE,23996,205,96769074,1850,-79,-65,-7,6.0,14,13076,13840,-69,-7.0
20230228 11:42:08.690,31.285792,121.208731,LTE,23996,205,96769074,1850,-79,-65,-7,6.0,14,13076,13840,-69,-7.0
20230228 11:42:09.288,31.285792,121.208731,LTE,23996,205,96769074,1850,-79,-69,-7,6.0,14,13076,13840,-71,-7.0
20230228 11:42:09.704,31.285782,121.208721,LTE,23996,205,96769074,1850,-79,-69,-7,6.0,14,13076,13840,-71,-7.0
20230228 11:42:10.871,31.285782,121.208721,LTE,23996,205,96769074,1850,-81,-69,-7,6.0,14,13076,13840,-71,-7.0
20230228 11:42:10.875,31.285772,121.208713,LTE,23996,205,96769074,1850,-81,-69,-7,6.0,14,13076,13840,-71,-7.0
20230228 11:42:11.710,31.285762,121.208705,LTE,23996,205,96769074,1850,-81,-69,-7,6.0,14,13076,13840,-71,-7.0
20230228 11:42:12.699,31.285751,121.208697,LTE,23996,205,96769074,1850,-81,-69,-7,6.0,14,13076,13840,-71,-7.0
20230228 11:42:13.801,31.285741,121.208689,LTE,23996,205,96769074,1850,-81,-69,-7,6.0,14,13076,13840,-71,-7.0
20230228 11:42:14.713,31.28573,121.208682,LTE,23996,205,96769074,1850,-81,-69,-7,6.0,14,13076,13840,-71,-7.0
20230228 11:42:15.322,31.28573,121.208682,LTE,23996,205,96769074,1850,-79,-74,-7,6.0,14,13076,13840,-74,-7.0
20230228 11:42:15.705,31.285719,121.208676,LTE,23996,205,96769074,1850,-79,-74,-7,6.0,14,13076,13840,-74,-7.0
20230228 11:42:16.711,31.285708,121.208668,LTE,23996,205,96769074,1850,-79,-74,-7,6.0,14,13076,13840,-74,-7.0
20230228 11:42:17.833,31.285708,121.208668,LTE,23996,205,96769074,1850,-85,-74,-7,6.0,14,13076,13840,-74,-7.0
20230228 11:42:17.841,31.285696,121.20866,LTE,23996,205,96769074,1850,-85,-74,-7,6.0,14,13076,13840,-74,-7.0
20230228 11:42:18.694,31.285685,121.208652,LTE,23996,205,96769074,1850,-85,-74,-7,6.0,14,13076,13840,-74,-7.0
20230228 11:42:19.740,31.285672,121.208645,LTE,23996,205,96769074,1850,-85,-74,-7,6.0,14,13076,13840,-74,-7.0
20230228 11:42:20.181,31.285672,121.208645,LTE,23996,205,96769074,1850,-91,-74,-7,6.0,14,13076,13840,-74,-7.0
20230228 11:42:20.733,31.285659,121.208637,LTE,23996,205,96769074,1850,-91,-74,-7,6.0,14,13076,13840,-74,-7.0
20230228 11:42:21.374,31.285659,121.208637,LTE,23996,205,96769074,1850,-91,-77,-7,6.0,14,13076,13840,-76,-7.0
20230228 11:42:21.699,31.285645,121.208628,LTE,23996,205,96769074,1850,-91,-77,-7,6.0,14,13076,13840,-76,-7.0
20230228 11:42:22.697,31.285631,121.208617,LTE,23996,205,96769074,1850,-91,-77,-7,6.0,14,13076,13840,-76,-7.0
20230228 11:42:23.792,31.285631,121.208617,LTE,23996,205,96769074,1850,-91,-77,-7,6.0,14,13076,13840,-76,-7.0
20230228 11:42:23.809,31.285618,121.208608,LTE,23996,205,96769074,1850,-91,-77,-7,6.0,14,13076,13840,-76,-7.0
20230228 11:42:24.876,31.285618,121.208608,LTE,23996,205,96769074,1850,-87,-77,-7,6.0,14,13076,13840,-76,-7.0
20230228 11:42:24.883,31.285607,121.208598,LTE,23996,205,96769074,1850,-87,-77,-7,6.0,14,13076,13840,-76,-7.0
20230228 11:42:25.747,31.285595,121.208588,LTE,23996,205,96769074,1850,-87,-77,-7,6.0,14,13076,13840,-76,-7.0
20230228 11:42:26.694,31.285584,121.208579,LTE,23996,205,96769074,1850,-87,-77,-7,6.0,14,13076,13840,-76,-7.0
20230228 11:42:27.192,31.285584,121.208579,LTE,23996,205,96769074,1850,-85,-77,-7,6.0,14,13076,13840,-76,-7.0
20230228 11:42:27.305,31.285584,121.208579,LTE,23996,205,96769074,1850,-85,-82,-7,6.0,14,13076,13840,-77,-7.0
20230228 11:42:27.708,31.285571,121.208569,LTE,23996,205,96769074,1850,-85,-82,-7,6.0,14,13076,13840,-77,-7.0
20230228 11:42:28.719,31.285559,121.208558,LTE,23996,205,96769074,1850,-85,-82,-7,6.0,14,13076,13840,-77,-7.0
20230228 11:42:29.545,31.285559,121.208558,LTE,23996,205,96769074,1850,-91,-82,-7,6.0,14,13076,13840,-77,-7.0
20230228 11:42:29.761,31.285548,121.208547,LTE,23996,205,96769074,1850,-91,-82,-7,6.0,14,13076,13840,-77,-7.0
20230228 11:42:30.747,31.285537,121.208535,LTE,23996,205,96769074,1850,-91,-82,-7,6.0,14,13076,13840,-77,-7.0
20230228 11:42:31.157,31.285537,121.208535,LTE,23996,205,96769074,1850,-91,-82,-7,6.0,14,13076,13840,-77,-7.0
20230228 11:42:31.875,31.285537,121.208535,LTE,23996,205,96769074,1850,-89,-82,-7,6.0,14,13076,13840,-77,-7.0
20230228 11:42:31.880,31.285527,121.208522,LTE,23996,205,96769074,1850,-89,-82,-7,6.0,14,13076,13840,-77,-7.0
20230228 11:42:32.748,31.28552,121.208508,LTE,23996,205,96769074,1850,-89,-82,-7,6.0,14,13076,13840,-77,-7.0
20230228 11:42:33.326,31.28552,121.208508,LTE,23996,205,96769074,1850,-89,-84,-7,6.0,14,13076,13840,-79,-7.0
20230228 11:42:33.742,31.285517,121.208493,LTE,23996,205,96769074,1850,-89,-84,-7,6.0,14,13076,13840,-79,-7.0
20230228 11:42:34.296,31.285517,121.208493,LTE,23996,279,96553012,1850,-93,-84,-7,6.0,14,13076,13840,-79,-7.0
20230228 11:42:34.364,31.285517,121.208493,LTE,23996,279,96553012,1850,-91,-84,-7,6.0,14,13076,13840,-79,-7.0
20230228 11:42:34.692,31.285515,121.208478,LTE,23996,279,96553012,1850,-91,-84,-7,6.0,14,13076,13840,-79,-7.0
20230228 11:42:35.688,31.285515,121.208463,LTE,23996,279,96553012,1850,-91,-84,-7,6.0,14,13076,13840,-79,-7.0
20230228 11:42:36.663,31.285515,121.208463,LTE,23996,279,96553012,1850,-93,-84,-7,6.0,14,13076,13840,-79,-7.0
20230228 11:42:36.698,31.285514,121.20845,LTE,23996,279,96553012,1850,-93,-84,-7,6.0,14,13076,13840,-79,-7.0
20230228 11:42:37.850,31.285514,121.20845,LTE,23996,279,96553012,1850,-93,-84,-7,6.0,14,13076,13840,-79,-7.0
20230228 11:42:37.859,31.285514,121.208438,LTE,23996,279,96553012,1850,-93,-84,-7,6.0,14,13076,13840,-79,-7.0
20230228 11:42:38.703,31.285515,121.208424,LTE,23996,279,96553012,1850,-93,-84,-7,6.0,14,13076,13840,-79,-7.0
20230228 11:42:39.013,31.285515,121.208424,LTE,23996,279,96553012,1850,-95,-84,-7,6.0,14,13076,13840,-79,-7.0
20230228 11:42:39.328,31.285515,121.208424,LTE,23996,279,96553012,1850,-95,-87,-7,6.0,14,13076,13840,-77,-7.0
20230228 11:42:39.713,31.285516,121.20841,LTE,23996,279,96553012,1850,-95,-87,-7,6.0,14,13076,13840,-77,-7.0
20230228 11:42:40.764,31.285518,121.208397,LTE,23996,279,96553012,1850,-95,-87,-7,6.0,14,13076,13840,-77,-7.0
20230228 11:42:41.329,31.285518,121.208397,LTE,23996,279,96553012,1850,-93,-87,-7,6.0,14,13076,13840,-77,-7.0
20230228 11:42:41.774,31.285519,121.208383,LTE,23996,279,96553012,1850,-93,-87,-7,6.0,14,13076,13840,-77,-7.0
20230228 11:42:42.690,31.28552,121.208369,LTE,23996,279,96553012,1850,-93,-87,-7,6.0,14,13076,13840,-77,-7.0
20230228 11:42:43.678,31.28552,121.208369,LTE,23996,279,96553012,1850,-95,-87,-7,6.0,14,13076,13840,-77,-7.0
20230228 11:42:43.722,31.285521,121.208354,LTE,23996,279,96553012,1850,-95,-87,-7,6.0,14,13076,13840,-77,-7.0
20230228 11:42:44.850,31.285521,121.208354,LTE,23996,279,96553012,1850,-95,-87,-7,6.0,14,13076,13840,-77,-7.0
20230228 11:42:44.855,31.285522,121.20834,LTE,23996,279,96553012,1850,-95,-87,-7,6.0,14,13076,13840,-77,-7.0
20230228 11:42:45.321,31.285522,121.20834,LTE,23996,279,96553012,1850,-95,-88,-7,6.0,14,13076,13840,-77,-7.0
20230228 11:42:45.773,31.285522,121.208325,LTE,23996,279,96553012,1850,-95,-88,-7,6.0,14,13076,13840,-77,-7.0
20230228 11:42:46.765,31.285524,121.208311,LTE,23996,279,96553012,1850,-95,-88,-7,6.0,14,13076,13840,-77,-7.0
20230228 11:42:47.769,31.285526,121.208296,LTE,23996,279,96553012,1850,-95,-88,-7,6.0,14,13076,13840,-77,-7.0
20230228 11:42:48.454,31.285526,121.208296,LTE,23996,280,96553013,1850,-89,-88,-7,6.0,14,13076,13840,-77,-7.0
20230228 11:42:48.729,31.285528,121.208283,LTE,23996,280,96553013,1850,-89,-88,-7,6.0,14,13076,13840,-77,-7.0
20230228 11:42:49.710,31.285531,121.208269,LTE,23996,280,96553013,1850,-89,-88,-7,6.0,14,13076,13840,-77,-7.0
20230228 11:42:50.826,31.285531,121.208269,LTE,23996,280,96553013,1850,-91,-88,-7,6.0,14,13076,13840,-77,-7.0
20230228 11:42:50.828,31.285532,121.208255,LTE,23996,280,96553013,1850,-91,-88,-7,6.0,14,13076,13840,-77,-7.0
20230228 11:42:51.338,31.285532,121.208255,LTE,23996,280,96553013,1850,-91,-89,-7,6.0,14,13076,13840,-77,-7.0
20230228 11:42:51.686,31.285534,121.208241,LTE,23996,280,96553013,1850,-91,-89,-7,6.0,14,13076,13840,-77,-7.0
20230228 11:42:52.730,31.285534,121.208229,LTE,23996,280,96553013,1850,-91,-89,-7,6.0,14,13076,13840,-77,-7.0
20230228 11:42:53.180,31.285534,121.208229,LTE,23996,280,96553013,1850,-85,-89,-7,6.0,14,13076,13840,-77,-7.0
20230228 11:42:53.772,31.285534,121.208218,LTE,23996,280,96553013,1850,-85,-89,-7,6.0,14,13076,13840,-77,-7.0
20230228 11:42:54.724,31.285534,121.208206,LTE,23996,280,96553013,1850,-85,-89,-7,6.0,14,13076,13840,-77,-7.0
20230228 11:42:55.524,31.285534,121.208206,LTE,23996,280,96553013,1850,-89,-89,-7,6.0,14,13076,13840,-77,-7.0
20230228 11:42:55.720,31.285535,121.208193,LTE,23996,280,96553013,1850,-89,-89,-7,6.0,14,13076,13840,-77,-7.0
20230228 11:42:56.757,31.285535,121.208179,LTE,23996,280,96553013,1850,-89,-89,-7,6.0,14,13076,13840,-77,-7.0
20230228 11:42:57.332,31.285535,121.208179,LTE,23996,280,96553013,1850,-89,-88,-7,6.0,14,13076,13840,-78,-7.0
20230228 11:42:57.859,31.285535,121.208179,LTE,23996,280,96553013,1850,-79,-88,-7,6.0,14,13076,13840,-78,-7.0
20230228 11:42:57.864,31.285535,121.208164,LTE,23996,280,96553013,1850,-79,-88,-7,6.0,14,13076,13840,-78,-7.0
20230228 11:42:58.733,31.285535,121.208149,LTE,23996,280,96553013,1850,-79,-88,-7,6.0,14,13076,13840,-78,-7.0
20230228 11:42:59.118,31.285535,121.208149,LTE,23996,280,96553013,1850,-79,-78,-6,11.0,14,13076,13840,-78,-10.6
20230228 11:42:59.710,31.285536,121.208134,LTE,23996,280,96553013,1850,-79,-78,-6,11.0,14,13076,13840,-78,-10.6
20230228 11:43:00.183,31.285536,121.208134,LTE,23996,280,96553013,1850,-87,-78,-6,11.0,14,13076,13840,-78,-10.6
20230228 11:43:00.218,31.285536,121.208134,LTE,23996,280,96553013,1850,-87,-78,-8,1.0,14,13076,13840,-78,-10.6
20230228 11:43:00.694,31.285538,121.208119,LTE,23996,280,96553013,1850,-87,-78,-8,1.0,14,13076,13840,-78,-10.6
20230228 11:43:01.766,31.285542,121.208104,LTE,23996,280,96553013,1850,-87,-78,-8,1.0,14,13076,13840,-78,-10.6
20230228 11:43:02.699,31.285546,121.208089,LTE,23996,280,96553013,1850,-87,-78,-8,1.0,14,13076,13840,-78,-10.6
20230228 11:43:03.727,31.285546,121.208089,LTE,23996,280,96553013,1850,-87,-78,-8,1.0,14,13076,13840,-78,-10.6
20230228 11:43:03.743,31.285549,121.208073,LTE,23996,280,96553013,1850,-87,-78,-8,1.0,14,13076,13840,-78,-10.6
20230228 11:43:04.895,31.285549,121.208073,LTE,23996,280,96553013,1850,-83,-78,-8,1.0,14,13076,13840,-78,-10.6
20230228 11:43:04.902,31.285551,121.208055,LTE,23996,280,96553013,1850,-83,-78,-8,1.0,14,13076,13840,-78,-10.6
20230228 11:43:05.751,31.285551,121.208036,LTE,23996,280,96553013,1850,-83,-78,-8,1.0,14,13076,13840,-78,-10.6
20230228 11:43:06.075,31.285551,121.208036,LTE,23996,280,96553013,1850,-83,-83,-8,1.0,14,13076,13840,-78,-10.6
20230228 11:43:06.710,31.285552,121.208019,LTE,23996,280,96553013,1850,-83,-83,-8,1.0,14,13076,13840,-78,-10.6
20230228 11:43:07.189,31.285552,121.208019,LTE,23996,280,96553013,1850,-91,-83,-8,1.0,14,13076,13840,-78,-10.6
20230228 11:43:07.720,31.285552,121.208002,LTE,23996,280,96553013,1850,-91,-83,-8,1.0,14,13076,13840,-78,-10.6
20230228 11:43:08.736,31.28555,121.207987,LTE,23996,280,96553013,1850,-91,-83,-8,1.0,14,13076,13840,-78,-10.6
20230228 11:43:09.555,31.28555,121.207987,LTE,23996,280,96553013,1850,-87,-83,-8,1.0,14,13076,13840,-78,-10.6
20230228 11:43:09.756,31.285548,121.207971,LTE,23996,280,96553013,1850,-87,-83,-8,1.0,14,13076,13840,-78,-10.6
20230228 11:43:10.764,31.285547,121.207955,LTE,23996,280,96553013,1850,-87,-83,-8,1.0,14,13076,13840,-78,-10.6
20230228 11:43:11.692,31.285545,121.207938,LTE,23996,280,96553013,1850,-87,-83,-8,1.0,14,13076,13840,-78,-10.6
20230228 11:43:11.928,31.285545,121.207938,LTE,23996,280,96553013,1850,-89,-83,-8,1.0,14,13076,13840,-78,-10.6
20230228 11:43:12.096,31.285545,121.207938,LTE,23996,280,96553013,1850,-89,-82,-8,1.0,14,13076,13840,-76,-10.6
20230228 11:43:12.746,31.285543,121.207922,LTE,23996,280,96553013,1850,-89,-82,-8,1.0,14,13076,13840,-76,-10.6
20230228 11:43:13.705,31.285542,121.207906,LTE,23996,280,96553013,1850,-89,-82,-8,1.0,14,13076,13840,-76,-10.6
20230228 11:43:14.277,31.285542,121.207906,LTE,23996,280,96553013,1850,-91,-82,-8,1.0,14,13076,13840,-76,-10.6
20230228 11:43:14.768,31.285539,121.207891,LTE,23996,280,96553013,1850,-91,-82,-8,1.0,14,13076,13840,-76,-10.6
20230228 11:43:15.727,31.285536,121.207876,LTE,23996,280,96553013,1850,-91,-82,-8,1.0,14,13076,13840,-76,-10.6
20230228 11:43:16.662,31.285536,121.207876,LTE,23996,280,96553013,1850,-89,-82,-8,1.0,14,13076,13840,-76,-10.6
20230228 11:43:16.748,31.285534,121.20786,LTE,23996,280,96553013,1850,-89,-82,-8,1.0,14,13076,13840,-76,-10.6
20230228 11:43:16.784,31.285534,121.20786,LTE,23996,280,96553013,1850,-89,-82,-8,-1.0,14,13076,13840,-76,-16.2
20230228 11:43:17.507,31.285534,121.20786,LTE,23996,280,96553013,1850,-89,-82,-15,-7.0,14,13076,13840,-76,-16.2
20230228 11:43:17.827,31.285532,121.207846,LTE,23996,280,96553013,1850,-89,-82,-15,-7.0,14,13076,13840,-76,-16.2
20230228 11:43:18.730,31.285531,121.207832,LTE,23996,280,96553013,1850,-89,-82,-15,-7.0,14,13076,13840,-76,-16.2
20230228 11:43:19.707,31.285529,121.207817,LTE,23996,280,96553013,1850,-89,-82,-15,-7.0,14,13076,13840,-76,-16.2
20230228 11:43:20.787,31.285527,121.207803,LTE,23996,280,96553013,1850,-89,-82,-15,-7.0,14,13076,13840,-76,-16.2
20230228 11:43:21.372,31.285527,121.207803,LTE,23996,280,96553013,1850,-85,-82,-15,-7.0,14,13076,13840,-76,-16.2
20230228 11:43:21.754,31.285525,121.20779,LTE,23996,280,96553013,1850,-85,-82,-15,-7.0,14,13076,13840,-76,-16.2
20230228 11:43:22.770,31.285523,121.207777,LTE,23996,280,96553013,1850,-85,-82,-15,-7.0,14,13076,13840,-76,-16.2
20230228 11:43:23.537,31.285523,121.207777,LTE,23996,280,96553013,1850,-87,-84,-15,-7.0,14,13076,13840,-75,-16.2
20230228 11:43:23.711,31.285521,121.207764,LTE,23996,280,96553013,1850,-87,-84,-15,-7.0,14,13076,13840,-75,-16.2
20230228 11:43:24.691,31.285518,121.207751,LTE,23996,280,96553013,1850,-87,-84,-15,-7.0,14,13076,13840,-75,-16.2
20230228 11:43:25.712,31.285515,121.207738,LTE,23996,280,96553013,1850,-87,-84,-15,-7.0,14,13076,13840,-75,-16.2
20230228 11:43:26.043,31.285515,121.207738,LTE,23996,280,96553013,1850,-89,-84,-15,-7.0,14,13076,13840,-75,-16.2
20230228 11:43:26.708,31.285513,121.207728,LTE,23996,280,96553013,1850,-89,-84,-15,-7.0,14,13076,13840,-75,-16.2
20230228 11:43:27.715,31.285511,121.207719,LTE,23996,280,96553013,1850,-89,-84,-15,-7.0,14,13076,13840,-75,-16.2
20230228 11:43:28.390,31.285511,121.207719,LTE,23996,280,96553013,1850,-91,-84,-15,-7.0,14,13076,13840,-75,-16.2
20230228 11:43:28.773,31.285509,121.207709,LTE,23996,280,96553013,1850,-91,-84,-15,-7.0,14,13076,13840,-75,-16.2
20230228 11:43:29.601,31.285509,121.207709,LTE,23996,280,96553013,1850,-91,-86,-15,-7.0,14,13076,13840,-76,-16.2
20230228 11:43:29.690,31.285507,121.207698,LTE,23996,280,96553013,1850,-91,-86,-15,-7.0,14,13076,13840,-76,-16.2
20230228 11:43:30.382,31.285507,121.207698,LTE,23996,280,96553013,1850,-91,-86,-15,-7.0,14,758,13840,-76,-16.2
20230228 11:43:30.755,31.285507,121.207698,LTE,23996,205,96769074,1850,-87,-86,-15,-7.0,14,758,13840,-76,-16.2
20230228 11:43:30.760,31.285505,121.207684,LTE,23996,205,96769074,1850,-87,-86,-15,-7.0,14,758,13840,-76,-16.2
20230228 11:43:31.703,31.285502,121.207669,LTE,23996,205,96769074,1850,-87,-86,-15,-7.0,14,758,13840,-76,-16.2
20230228 11:43:32.688,31.285498,121.207654,LTE,23996,205,96769074,1850,-87,-86,-15,-7.0,14,758,13840,-76,-16.2
20230228 11:43:33.101,31.285498,121.207654,LTE,23996,205,96769074,1850,-89,-86,-15,-7.0,14,758,13840,-76,-16.2
20230228 11:43:33.692,31.285495,121.207638,LTE,23996,205,96769074,1850,-89,-86,-15,-7.0,14,758,13840,-76,-16.2
20230228 11:43:34.731,31.285492,121.207623,LTE,23996,205,96769074,1850,-89,-86,-15,-7.0,14,758,13840,-76,-16.2
20230228 11:43:35.453,31.285492,121.207623,LTE,23996,205,96769074,1850,-95,-86,-15,-7.0,14,758,13840,-76,-16.2
20230228 11:43:35.506,31.285492,121.207623,LTE,23996,205,96769074,1850,-95,-87,-15,-7.0,14,758,13840,-77,-16.2
20230228 11:43:35.697,31.285488,121.207607,LTE,23996,205,96769074,1850,-95,-87,-15,-7.0,14,758,13840,-77,-16.2
20230228 11:43:36.654,31.285484,121.20759,LTE,23996,205,96769074,1850,-95,-87,-15,-7.0,14,758,13840,-77,-16.2
20230228 11:43:37.810,31.285484,121.20759,LTE,23996,205,96769074,1850,-79,-87,-15,-7.0,14,758,13840,-77,-16.2
20230228 11:43:37.818,31.28548,121.207574,LTE,23996,205,96769074,1850,-79,-87,-15,-7.0,14,758,13840,-77,-16.2
20230228 11:43:38.697,31.285474,121.207558,LTE,23996,205,96769074,1850,-79,-87,-15,-7.0,14,758,13840,-77,-16.2
20230228 11:43:39.702,31.285469,121.207542,LTE,23996,205,96769074,1850,-79,-87,-15,-7.0,14,758,13840,-77,-16.2
20230228 11:43:40.128,31.285469,121.207542,LTE,23996,205,96769074,1850,-95,-87,-15,-7.0,14,758,13840,-77,-16.2
20230228 11:43:40.701,31.285466,121.207524,LTE,23996,205,96769074,1850,-95,-87,-15,-7.0,14,758,13840,-77,-16.2
20230228 11:43:41.520,31.285466,121.207524,LTE,23996,205,96769074,1850,-95,-89,-15,-7.0,14,758,13840,-79,-16.2
20230228 11:43:41.646,31.285463,121.207506,LTE,23996,205,96769074,1850,-95,-89,-15,-7.0,14,758,13840,-79,-16.2
20230228 11:43:42.202,31.285463,121.207506,LTE,23996,139,96730421,1850,-89,-89,-15,-7.0,14,13076,13840,-79,-16.2
20230228 11:43:42.643,31.285459,121.207489,LTE,23996,139,96730421,1850,-89,-89,-15,-7.0,14,13076,13840,-79,-16.2
20230228 11:43:42.976,31.285459,121.207489,LTE,23996,139,96730421,1850,-89,-89,-15,-7.0,14,13076,13840,-79,-16.2
20230228 11:43:43.760,31.285454,121.207474,LTE,23996,139,96730421,1850,-89,-89,-15,-7.0,14,13076,13840,-79,-16.2
20230228 11:43:44.703,31.28545,121.207459,LTE,23996,139,96730421,1850,-89,-89,-15,-7.0,14,13076,13840,-79,-16.2
20230228 11:43:44.865,31.28545,121.207459,LTE,23996,280,96553013,1850,-87,-89,-15,-7.0,14,13076,13840,-79,-16.2
20230228 11:43:45.642,31.285446,121.207444,LTE,23996,280,96553013,1850,-87,-89,-15,-7.0,14,13076,13840,-79,-16.2
20230228 11:43:46.722,31.285442,121.207428,LTE,23996,280,96553013,1850,-87,-89,-15,-7.0,14,13076,13840,-79,-16.2
20230228 11:43:47.188,31.285442,121.207428,LTE,23996,139,96730421,1850,-83,-89,-15,-7.0,14,13076,13840,-79,-16.2
20230228 11:43:47.550,31.285442,121.207428,LTE,23996,139,96730421,1850,-83,-83,-15,-7.0,14,13076,13840,-79,-16.2
20230228 11:43:47.711,31.285438,121.207412,LTE,23996,139,96730421,1850,-83,-83,-15,-7.0,14,13076,13840,-79,-16.2
20230228 11:43:47.776,31.285438,121.207412,LTE,23996,139,96730421,1850,-83,-83,-18,-7.0,14,13076,13840,-79,-11.5
20230228 11:43:48.779,31.285433,121.207396,LTE,23996,139,96730421,1850,-83,-83,-18,-7.0,14,13076,13840,-79,-11.5
20230228 11:43:49.676,31.285433,121.207396,LTE,23996,280,96730421,1850,-89,-83,-18,-7.0,14,13076,13840,-79,-11.5
20230228 11:43:49.807,31.285433,121.207396,LTE,23996,139,96730421,1850,-85,-83,-18,-7.0,14,13076,13840,-79,-11.5
20230228 11:43:49.900,31.285425,121.20738,LTE,23996,139,96730421,1850,-85,-83,-18,-7.0,14,13076,13840,-79,-11.5
20230228 11:43:50.834,31.285419,121.207364,LTE,23996,139,96730421,1850,-85,-83,-18,-7.0,14,13076,13840,-79,-11.5
20230228 11:43:51.712,31.285412,121.207347,LTE,23996,139,96730421,1850,-85,-83,-18,-7.0,14,13076,13840,-79,-11.5
20230228 11:43:52.013,31.285412,121.207347,LTE,23996,139,96730421,1850,-75,-83,-18,-7.0,14,13076,13840,-79,-11.5
20230228 11:43:52.771,31.285406,121.20733,LTE,23996,139,96730421,1850,-75,-83,-18,-7.0,14,13076,13840,-79,-11.5
20230228 11:43:53.712,31.2854,121.207313,LTE,23996,139,96730421,1850,-75,-83,-18,-7.0,14,13076,13840,-79,-11.5
20230228 11:43:53.786,31.2854,121.207313,LTE,23996,139,96730421,1850,-75,-84,-18,-7.0,14,13076,13840,-78,-11.5
20230228 11:43:53.938,31.2854,121.207313,LTE,23996,139,96730421,1850,-75,-84,-10,,14,13076,13840,-78,-15.0
20230228 11:43:54.370,31.2854,121.207313,LTE,23996,139,96730421,1850,-83,-84,-10,,14,13076,13840,-78,-15.0
20230228 11:43:54.774,31.285394,121.207296,LTE,23996,139,96730421,1850,-83,-84,-10,,14,13076,13840,-78,-15.0
20230228 11:43:55.630,31.285387,121.20728,LTE,23996,139,96730421,1850,-83,-84,-10,,14,13076,13840,-78,-15.0
20230228 11:43:56.745,31.285387,121.20728,LTE,23996,139,96730421,1850,-85,-84,-10,,14,13076,13840,-78,-15.0
20230228 11:43:56.773,31.285382,121.207263,LTE,23996,139,96730421,1850,-85,-84,-10,,14,13076,13840,-78,-15.0
20230228 11:43:57.697,31.285375,121.207247,LTE,23996,139,96730421,1850,-85,-84,-10,,14,13076,13840,-78,-15.0
20230228 11:43:58.764,31.285367,121.207232,LTE,23996,139,96730421,1850,-85,-84,-10,,14,13076,13840,-78,-15.0
20230228 11:43:59.703,31.285357,121.207219,LTE,23996,139,96730421,1850,-85,-84,-10,,14,13076,13840,-78,-15.0
20230228 11:43:59.985,31.285357,121.207219,LTE,23996,139,96730421,1850,-85,-86,-10,,14,13076,13840,-79,-15.0
20230228 11:44:00.775,31.285348,121.207206,LTE,23996,139,96730421,1850,-85,-86,-10,,14,13076,13840,-79,-15.0
20230228 11:44:01.494,31.285348,121.207206,LTE,23996,139,96730421,1850,-83,-86,-10,,14,13076,13840,-79,-15.0
20230228 11:44:01.711,31.285338,121.207195,LTE,23996,139,96730421,1850,-83,-86,-10,,14,13076,13840,-79,-15.0
20230228 11:44:02.791,31.285329,121.207183,LTE,23996,139,96730421,1850,-83,-86,-10,,14,13076,13840,-79,-15.0
20230228 11:44:03.930,31.285329,121.207183,LTE,23996,280,96553013,1850,-89,-86,-10,,14,13076,13840,-79,-15.0
20230228 11:44:03.940,31.28532,121.207172,LTE,23996,280,96553013,1850,-89,-86,-10,,14,13076,13840,-79,-15.0
20230228 11:44:04.075,31.28532,121.207172,LTE,23996,280,96553013,1850,-89,-86,-10,,14,353,13840,-79,-15.0
20230228 11:44:04.693,31.28531,121.207159,LTE,23996,280,96553013,1850,-89,-86,-10,,14,353,13840,-79,-15.0
20230228 11:44:05.216,31.28531,121.207159,LTE,23996,280,96553013,1850,-89,-86,-10,,14,13076,13840,-79,-15.0
20230228 11:44:05.680,31.285302,121.207148,LTE,23996,280,96553013,1850,-89,-86,-10,,14,13076,13840,-79,-15.0
20230228 11:44:06.000,31.285302,121.207148,LTE,23996,139,96730421,1850,-79,-79,-10,,14,13076,13840,-76,-15.0
20230228 11:44:06.513,31.285302,121.207148,LTE,23996,139,96730421,1850,-79,-79,-10,12.0,14,13076,13840,-71,-7.1
20230228 11:44:06.645,31.285292,121.20714,LTE,23996,139,96730421,1850,-79,-79,-10,12.0,14,13076,13840,-71,-7.1
20230228 11:44:06.963,31.285292,121.20714,LTE,23996,139,96730421,1850,-79,-79,-10,-3.0,14,13076,13840,-71,-7.1
20230228 11:44:07.703,31.285282,121.207133,LTE,23996,139,96730421,1850,-79,-79,-10,-3.0,14,13076,13840,-71,-7.1
20230228 11:44:08.736,31.285282,121.207133,LTE,23996,139,96730421,1850,-83,-79,-10,-3.0,14,13076,13840,-71,-7.1
20230228 11:44:08.740,31.285271,121.207128,LTE,23996,139,96730421,1850,-83,-79,-10,-3.0,14,13076,13840,-71,-7.1
20230228 11:44:09.710,31.285259,121.207124,LTE,23996,139,96730421,1850,-83,-79,-10,-3.0,14,13076,13840,-71,-7.1
20230228 11:44:10.702,31.285247,121.20712,LTE,23996,139,96730421,1850,-83,-79,-10,-3.0,14,13076,13840,-71,-7.1
20230228 11:44:11.092,31.285247,121.20712,LTE,23996,139,96730421,1850,-75,-79,-10,-3.0,14,13076,13840,-71,-7.1
20230228 11:44:11.714,31.285233,121.207119,LTE,23996,139,96730421,1850,-75,-79,-10,-3.0,14,13076,13840,-71,-7.1
20230228 11:44:12.690,31.285218,121.207117,LTE,23996,139,96730421,1850,-75,-79,-10,-3.0,14,13076,13840,-71,-7.1
20230228 11:44:12.978,31.285218,121.207117,LTE,23996,139,96730421,1850,-75,-81,-10,-3.0,14,13076,13840,-72,-7.1
20230228 11:44:13.434,31.285218,121.207117,LTE,23996,139,96730421,1850,-73,-81,-10,-3.0,14,13076,13840,-72,-7.1
20230228 11:44:13.722,31.285204,121.207116,LTE,23996,139,96730421,1850,-73,-81,-10,-3.0,14,13076,13840,-72,-7.1
20230228 11:44:14.737,31.285189,121.207117,LTE,23996,139,96730421,1850,-73,-81,-10,-3.0,14,13076,13840,-72,-7.1
20230228 11:44:15.828,31.285189,121.207117,LTE,23996,139,96730421,1850,-77,-81,-10,-3.0,14,13076,13840,-72,-7.1
20230228 11:44:15.835,31.285175,121.207119,LTE,23996,139,96730421,1850,-77,-81,-10,-3.0,14,13076,13840,-72,-7.1
20230228 11:44:16.721,31.285163,121.207125,LTE,23996,139,96730421,1850,-77,-81,-10,-3.0,14,13076,13840,-72,-7.1
20230228 11:44:17.741,31.285151,121.207132,LTE,23996,139,96730421,1850,-77,-81,-10,-3.0,14,13076,13840,-72,-7.1
20230228 11:44:18.166,31.285151,121.207132,LTE,23996,139,96730421,1850,-73,-81,-10,-3.0,14,13076,13840,-72,-7.1
20230228 11:44:18.741,31.285139,121.20714,LTE,23996,139,96730421,1850,-73,-81,-10,-3.0,14,13076,13840,-72,-7.1
20230228 11:44:18.958,31.285139,121.20714,LTE,23996,139,96730421,1850,-73,-64,-10,-3.0,14,13076,13840,-74,-7.1
20230228 11:44:19.754,31.285127,121.207148,LTE,23996,139,96730421,1850,-73,-64,-10,-3.0,14,13076,13840,-74,-7.1
20230228 11:44:20.515,31.285127,121.207148,LTE,23996,139,96730421,1850,-75,-64,-10,-3.0,14,13076,13840,-74,-7.1
20230228 11:44:20.742,31.285117,121.207157,LTE,23996,139,96730421,1850,-75,-64,-10,-3.0,14,13076,13840,-74,-7.1
20230228 11:44:21.758,31.285107,121.207166,LTE,23996,139,96730421,1850,-75,-64,-10,-3.0,14,13076,13840,-74,-7.1
20230228 11:44:22.903,31.285107,121.207166,LTE,23996,139,96730421,1850,-89,-64,-10,-3.0,14,13076,13840,-74,-7.1
20230228 11:44:22.909,31.285097,121.207175,LTE,23996,139,96730421,1850,-89,-64,-10,-3.0,14,13076,13840,-74,-7.1
20230228 11:44:23.711,31.285086,121.207184,LTE,23996,139,96730421,1850,-89,-64,-10,-3.0,14,13076,13840,-74,-7.1
20230228 11:44:24.733,31.285076,121.207193,LTE,23996,139,96730421,1850,-89,-64,-10,-3.0,14,13076,13840,-74,-7.1
20230228 11:44:24.997,31.285076,121.207193,LTE,23996,139,96730421,1850,-71,-69,-10,-3.0,14,13076,13840,-77,-7.1
20230228 11:44:25.720,31.285068,121.207201,LTE,23996,139,96730421,1850,-71,-69,-10,-3.0,14,13076,13840,-77,-7.1
20230228 11:44:26.711,31.285061,121.207212,LTE,23996,139,96730421,1850,-71,-69,-10,-3.0,14,13076,13840,-77,-7.1
20230228 11:44:27.541,31.285061,121.207212,LTE,23996,139,96730421,1850,-77,-69,-10,-3.0,14,13076,13840,-77,-7.1
20230228 11:44:27.714,31.285052,121.207222,LTE,23996,139,96730421,1850,-77,-69,-10,-3.0,14,13076,13840,-77,-7.1
20230228 11:44:28.733,31.285043,121.207234,LTE,23996,139,96730421,1850,-77,-69,-10,-3.0,14,13076,13840,-77,-7.1
20230228 11:44:29.884,31.285043,121.207234,LTE,23996,139,96730421,1850,-77,-69,-10,-3.0,14,13076,13840,-77,-7.1
20230228 11:44:29.890,31.285033,121.207246,LTE,23996,139,96730421,1850,-77,-69,-10,-3.0,14,13076,13840,-77,-7.1
20230228 11:44:30.767,31.285024,121.20726,LTE,23996,139,96730421,1850,-77,-69,-10,-3.0,14,13076,13840,-77,-7.1
20230228 11:44:31.090,31.285024,121.20726,LTE,23996,139,96730421,1850,-77,-71,-10,-3.0,14,13076,13840,-77,-7.1
20230228 11:44:31.697,31.285015,121.207273,LTE,23996,139,96730421,1850,-77,-71,-10,-3.0,14,13076,13840,-77,-7.1
20230228 11:44:32.249,31.285015,121.207273,LTE,23996,139,96730421,1850,-79,-71,-10,-3.0,14,13076,13840,-77,-7.1
20230228 11:44:32.752,31.285008,121.207285,LTE,23996,139,96730421,1850,-79,-71,-10,-3.0,14,13076,13840,-77,-7.1
20230228 11:44:33.721,31.285,121.207297,LTE,23996,139,96730421,1850,-79,-71,-10,-3.0,14,13076,13840,-77,-7.1
20230228 11:44:34.690,31.284993,121.207309,LTE,23996,139,96730421,1850,-79,-71,-10,-3.0,14,13076,13840,-77,-7.1
20230228 11:44:35.780,31.284993,121.207309,LTE,23996,139,96730421,1850,-79,-71,-10,-3.0,14,13076,13840,-77,-7.1
20230228 11:44:35.790,31.284986,121.207318,LTE,23996,139,96730421,1850,-79,-71,-10,-3.0,14,13076,13840,-77,-7.1
20230228 11:44:36.735,31.284979,121.207327,LTE,23996,139,96730421,1850,-79,-71,-10,-3.0,14,13076,13840,-77,-7.1
20230228 11:44:36.981,31.284979,121.207327,LTE,23996,139,96730421,1850,-87,-71,-10,-3.0,14,13076,13840,-77,-7.1
20230228 11:44:37.021,31.284979,121.207327,LTE,23996,139,96730421,1850,-87,-79,-10,-3.0,14,13076,13840,-75,-7.1
20230228 11:44:37.702,31.284972,121.207337,LTE,23996,139,96730421,1850,-87,-79,-10,-3.0,14,13076,13840,-75,-7.1
20230228 11:44:38.772,31.284965,121.207347,LTE,23996,139,96730421,1850,-87,-79,-10,-3.0,14,13076,13840,-75,-7.1
20230228 11:44:39.305,31.284965,121.207347,LTE,23996,139,96730421,1850,-73,-79,-10,-3.0,14,13076,13840,-75,-7.1
20230228 11:44:39.701,31.284957,121.207359,LTE,23996,139,96730421,1850,-73,-79,-10,-3.0,14,13076,13840,-75,-7.1
20230228 11:44:40.690,31.284948,121.207371,LTE,23996,139,96730421,1850,-73,-79,-10,-3.0,14,13076,13840,-75,-7.1
20230228 11:44:41.664,31.284948,121.207371,LTE,23996,139,96730421,1850,-79,-79,-10,-3.0,14,13076,13840,-75,-7.1
20230228 11:44:41.719,31.284939,121.207385,LTE,23996,139,96730421,1850,-79,-79,-10,-3.0,14,13076,13840,-75,-7.1
20230228 11:44:42.830,31.284939,121.207385,LTE,23996,139,96730421,1850,-79,-79,-10,-3.0,14,13076,13840,-75,-7.1
20230228 11:44:42.836,31.284929,121.207399,LTE,23996,139,96730421,1850,-79,-79,-10,-3.0,14,13076,13840,-75,-7.1
20230228 11:44:42.970,31.284929,121.207399,LTE,23996,139,96730421,1850,-79,-80,-10,-3.0,14,13076,13840,-76,-7.1
20230228 11:44:43.697,31.284919,121.207413,LTE,23996,139,96730421,1850,-79,-80,-10,-3.0,14,13076,13840,-76,-7.1
20230228 11:44:44.000,31.284919,121.207413,LTE,23996,139,96730421,1850,-75,-80,-10,-3.0,14,13076,13840,-76,-7.1
20230228 11:44:44.741,31.28491,121.207427,LTE,23996,139,96730421,1850,-75,-80,-10,-3.0,14,13076,13840,-76,-7.1
20230228 11:44:45.739,31.284902,121.207438,LTE,23996,139,96730421,1850,-75,-80,-10,-3.0,14,13076,13840,-76,-7.1
20230228 11:44:46.325,31.284902,121.207438,LTE,23996,139,96730421,1850,-77,-80,-10,-3.0,14,13076,13840,-76,-7.1
20230228 11:44:46.762,31.284895,121.207449,LTE,23996,139,96730421,1850,-77,-80,-10,-3.0,14,13076,13840,-76,-7.1
20230228 11:44:47.734,31.284887,121.207459,LTE,23996,139,96730421,1850,-77,-80,-10,-3.0,14,13076,13840,-76,-7.1
20230228 11:44:48.710,31.284887,121.207459,LTE,23996,139,96730421,1850,-87,-80,-10,-3.0,14,13076,13840,-76,-7.1
20230228 11:44:48.730,31.284879,121.207471,LTE,23996,139,96730421,1850,-87,-80,-10,-3.0,14,13076,13840,-76,-7.1
20230228 11:44:49.006,31.284879,121.207471,LTE,23996,139,96730421,1850,-87,-72,-10,-3.0,14,13076,13840,-76,-7.1
20230228 11:44:49.092,31.284879,121.207471,LTE,23996,139,96730421,1850,-87,-72,-14,1.0,14,13076,13840,-76,-5.3
20230228 11:44:49.712,31.284872,121.207483,LTE,23996,139,96730421,1850,-87,-72,-14,1.0,14,13076,13840,-76,-5.3
20230228 11:44:50.724,31.284864,121.207497,LTE,23996,139,96730421,1850,-87,-72,-14,1.0,14,13076,13840,-76,-5.3
20230228 11:44:51.080,31.284864,121.207497,LTE,23996,139,96730421,1850,-83,-72,-14,1.0,14,13076,13840,-76,-5.3
20230228 11:44:51.733,31.284855,121.207511,LTE,23996,139,96730421,1850,-83,-72,-14,1.0,14,13076,13840,-76,-5.3
20230228 11:44:52.780,31.284847,121.207526,LTE,23996,139,96730421,1850,-83,-72,-14,1.0,14,13076,13840,-76,-5.3
20230228 11:44:53.443,31.284847,121.207526,LTE,23996,139,96730421,1850,-81,-72,-14,1.0,14,13076,13840,-76,-5.3
20230228 11:44:53.690,31.284839,121.20754,LTE,23996,139,96730421,1850,-81,-72,-14,1.0,14,13076,13840,-76,-5.3
20230228 11:44:54.694,31.284831,121.207554,LTE,23996,139,96730421,1850,-81,-72,-14,1.0,14,13076,13840,-76,-5.3
20230228 11:44:55.097,31.284831,121.207554,LTE,23996,139,96730421,1850,-81,-74,-14,1.0,14,13076,13840,-76,-5.3
20230228 11:44:55.810,31.284823,121.207567,LTE,23996,139,96730421,1850,-81,-74,-14,1.0,14,13076,13840,-76,-5.3
20230228 11:44:56.782,31.284816,121.207578,LTE,23996,139,96730421,1850,-81,-74,-14,1.0,14,13076,13840,-76,-5.3
20230228 11:44:57.705,31.284809,121.20759,LTE,23996,139,96730421,1850,-81,-74,-14,1.0,14,13076,13840,-76,-5.3
20230228 11:44:58.145,31.284809,121.20759,LTE,23996,139,96730421,1850,-79,-74,-14,1.0,14,13076,13840,-76,-5.3
20230228 11:44:58.736,31.284801,121.207602,LTE,23996,139,96730421,1850,-79,-74,-14,1.0,14,13076,13840,-76,-5.3
20230228 11:44:59.763,31.284791,121.207613,LTE,23996,139,96730421,1850,-79,-74,-14,1.0,14,13076,13840,-76,-5.3
20230228 11:45:00.486,31.284791,121.207613,LTE,23996,139,96730421,1850,-83,-74,-14,1.0,14,13076,13840,-76,-5.3
20230228 11:45:00.673,31.284782,121.207623,LTE,23996,139,96730421,1850,-83,-74,-14,1.0,14,13076,13840,-76,-5.3
20230228 11:45:01.111,31.284782,121.207623,LTE,23996,139,96730421,1850,-83,-78,-14,1.0,14,13076,13840,-74,-5.3
20230228 11:45:01.694,31.284774,121.207631,LTE,23996,139,96730421,1850,-83,-78,-14,1.0,14,13076,13840,-74,-5.3
20230228 11:45:02.840,31.284774,121.207631,LTE,23996,139,96730421,1850,-77,-78,-14,1.0,14,13076,13840,-74,-5.3
20230228 11:45:02.844,31.284768,121.207639,LTE,23996,139,96730421,1850,-77,-78,-14,1.0,14,13076,13840,-74,-5.3
20230228 11:45:03.696,31.284761,121.207649,LTE,23996,139,96730421,1850,-77,-78,-14,1.0,14,13076,13840,-74,-5.3
20230228 11:45:04.737,31.284755,121.20766,LTE,23996,139,96730421,1850,-77,-78,-14,1.0,14,13076,13840,-74,-5.3
20230228 11:45:05.142,31.284755,121.20766,LTE,23996,139,96730421,1850,-75,-78,-14,1.0,14,13076,13840,-74,-5.3
20230228 11:45:05.729,31.284746,121.20767,LTE,23996,139,96730421,1850,-75,-78,-14,1.0,14,13076,13840,-74,-5.3
20230228 11:45:06.758,31.284737,121.207679,LTE,23996,139,96730421,1850,-75,-78,-14,1.0,14,13076,13840,-74,-5.3
20230228 11:45:07.119,31.284737,121.207679,LTE,23996,139,96730421,1850,-79,-80,-14,1.0,14,13076,13840,-75,-5.3
20230228 11:45:07.705,31.284728,121.207688,LTE,23996,139,96730421,1850,-79,-80,-14,1.0,14,13076,13840,-75,-5.3
20230228 11:45:08.697,31.284718,121.207697,LTE,23996,139,96730421,1850,-79,-80,-14,1.0,14,13076,13840,-75,-5.3
20230228 11:45:09.787,31.284718,121.207697,LTE,23996,139,96730421,1850,-77,-80,-14,1.0,14,13076,13840,-75,-5.3
20230228 11:45:09.793,31.284709,121.207705,LTE,23996,139,96730421,1850,-77,-80,-14,1.0,14,13076,13840,-75,-5.3
20230228 11:45:10.688,31.284699,121.207714,LTE,23996,139,96730421,1850,-77,-80,-14,1.0,14,13076,13840,-75,-5.3
20230228 11:45:11.697,31.284692,121.207724,LTE,23996,139,96730421,1850,-77,-80,-14,1.0,14,13076,13840,-75,-5.3
20230228 11:45:12.114,31.284692,121.207724,LTE,23996,139,96730421,1850,-75,-80,-14,1.0,14,13076,13840,-75,-5.3
20230228 11:45:12.694,31.284686,121.207736,LTE,23996,139,96730421,1850,-75,-80,-14,1.0,14,13076,13840,-75,-5.3
20230228 11:45:13.124,31.284686,121.207736,LTE,23996,139,96730421,1850,-75,-78,-14,1.0,14,13076,13840,-71,-5.3
20230228 11:45:13.699,31.284681,121.207748,LTE,23996,139,96730421,1850,-75,-78,-14,1.0,14,13076,13840,-71,-5.3
20230228 11:45:14.330,31.284681,121.207748,LTE,23996,139,96730421,1850,-91,-78,-10,8.0,14,13076,13840,-71,-11.1
20230228 11:45:14.764,31.284674,121.207761,LTE,23996,139,96730421,1850,-91,-78,-10,8.0,14,13076,13840,-71,-11.1
20230228 11:45:15.669,31.284667,121.207773,LTE,23996,139,96730421,1850,-91,-78,-10,8.0,14,13076,13840,-71,-11.1
20230228 11:45:16.809,31.284667,121.207773,LTE,23996,139,96730421,1850,-83,-78,-10,8.0,14,13076,13840,-71,-11.1
20230228 11:45:16.815,31.284659,121.207785,LTE,23996,139,96730421,1850,-83,-78,-10,8.0,14,13076,13840,-71,-11.1
20230228 11:45:17.694,31.284651,121.207798,LTE,23996,139,96730421,1850,-83,-78,-10,8.0,14,13076,13840,-71,-11.1
20230228 11:45:18.756,31.284641,121.20781,LTE,23996,139,96730421,1850,-83,-78,-10,8.0,14,13076,13840,-71,-11.1
20230228 11:45:19.144,31.284641,121.20781,LTE,23996,139,96730421,1850,-77,-78,-10,8.0,14,13076,13840,-71,-11.1
20230228 11:45:19.704,31.284631,121.207822,LTE,23996,139,96730421,1850,-77,-78,-10,8.0,14,13076,13840,-71,-11.1
20230228 11:45:20.371,31.284631,121.207822,LTE,23996,139,96730421,1850,-77,-80,-10,8.0,14,13076,13840,-71,-11.1
20230228 11:45:20.690,31.284621,121.207834,LTE,23996,139,96730421,1850,-77,-80,-10,8.0,14,13076,13840,-71,-11.1
20230228 11:45:21.520,31.284621,121.207834,LTE,23996,139,96730421,1850,-79,-80,-10,8.0,14,13076,13840,-71,-11.1
20230228 11:45:21.775,31.284612,121.207847,LTE,23996,139,96730421,1850,-79,-80,-10,8.0,14,13076,13840,-71,-11.1
20230228 11:45:22.718,31.284603,121.207859,LTE,23996,139,96730421,1850,-79,-80,-10,8.0,14,13076,13840,-71,-11.1
20230228 11:45:23.236,31.284603,121.207859,LTE,23996,139,96730421,1850,-79,-80,-10,8.0,14,13076,13840,-71,-11.1
20230228 11:45:23.839,31.284603,121.207859,LTE,23996,139,96730421,1850,-83,-80,-10,8.0,14,13076,13840,-71,-11.1
20230228 11:45:23.847,31.284594,121.207871,LTE,23996,139,96730421,1850,-83,-80,-10,8.0,14,13076,13840,-71,-11.1
20230228 11:45:24.719,31.284585,121.207883,LTE,23996,139,96730421,1850,-83,-80,-10,8.0,14,13076,13840,-71,-11.1
20230228 11:45:25.753,31.284575,121.207895,LTE,23996,139,96730421,1850,-83,-80,-10,8.0,14,13076,13840,-71,-11.1
20230228 11:45:26.214,31.284575,121.207895,LTE,23996,139,96730421,1850,-79,-80,-10,8.0,14,13076,13840,-71,-11.1
20230228 11:45:26.293,31.284575,121.207895,LTE,23996,139,96730421,1850,-79,-81,-10,8.0,14,13076,13840,-68,-11.1
20230228 11:45:26.691,31.284564,121.207907,LTE,23996,139,96730421,1850,-79,-81,-10,8.0,14,13076,13840,-68,-11.1
20230228 11:45:27.706,31.284554,121.207916,LTE,23996,139,96730421,1850,-79,-81,-10,8.0,14,13076,13840,-68,-11.1
20230228 11:45:28.442,31.284554,121.207916,LTE,23996,139,96730421,1850,-83,-81,-14,-1.0,14,13076,13840,-68,-4.6
20230228 11:45:28.690,31.284545,121.207925,LTE,23996,139,96730421,1850,-83,-81,-14,-1.0,14,13076,13840,-68,-4.6
