# Receiver Point (#),X(m),Y(m),Z(m),Distance (m),Strongest Power (dBm),Total Power (dBm),Total Power With Phase (dBm),Best SINR (dB),RSSI (dBm),RSRP (dBm),RSRQ (dB),Strongest power transmitter (Tx #)
1,1362.82,1184.55,2.0,0.0,-14.9627,-13.20668,-10.41302,3.024982,-13.20668,-45.75451,-12.54784,11.0
2,1361.37,1185.94,2.0,2.0,-14.6824,-12.86875,-14.64066,2.853964,-12.86875,-45.47421,-12.60546,11.0
3,1359.93,1187.32,2.0,4.0,-14.2266,-12.41099,-11.98999,2.848243,-12.41099,-45.01841,-12.60742,11.0
4,1358.48,1188.69,2.0,6.0,-14.5819,-12.49726,-11.65824,2.103591,-12.49726,-45.37371,-12.87646,11.0
5,1357.04,1190.07,2.0,8.0,-14.3289,-12.18905,-16.61277,1.960248,-12.18905,-45.12071,-12.93166,11.0
6,1355.59,1191.45,2.0,10.0,-14.1853,-11.97206,-9.992993,1.774051,-11.97206,-44.97711,-13.00505,11.0
7,1354.14,1192.83,2.0,12.0,-14.7014,-12.13461,-31.84413,0.937517,-12.13461,-45.49321,-13.3586,11.0
8,1352.69,1194.2,2.0,14.0,-14.1904,-11.65184,-9.29405,1.00104,-11.65184,-44.98221,-13.33037,11.0
9,1351.24,1195.58,2.0,16.0,-14.8959,-11.81035,-18.5846,-0.1492138,-11.81035,-45.68771,-13.87736,8.0
10,1349.79,1196.95,2.0,18.0,-14.2915,-11.44138,-8.797564,0.3264971,-11.44138,-45.08331,-13.64193,11.0
11,1348.34,1198.33,2.0,20.0,-14.5038,-11.75728,-15.06397,0.5446192,-11.75728,-45.29561,-13.53833,8.0
12,1346.89,1199.7,2.0,22.0,-14.3387,-11.56714,-9.473917,0.4913707,-11.56714,-45.13051,-13.56337,8.0
13,1345.44,1201.07,2.0,24.0,-14.0936,-11.70946,-12.81702,1.35806,-11.70946,-44.88541,-13.17595,8.0
14,1343.98,1202.44,2.0,26.0,-13.8206,-11.67176,-10.51803,1.937168,-11.67176,-44.61241,-12.94065,8.0
15,1342.53,1203.81,2.0,28.0,-13.3934,-11.53302,-12.43482,2.718474,-11.53302,-44.18521,-12.65219,8.0
16,1341.07,1205.18,2.0,30.0,-13.4525,-11.89993,-10.88796,3.667954,-11.89993,-44.24431,-12.34438,8.0
17,1339.62,1206.55,2.0,32.0,-13.8718,-12.34611,-13.33232,3.758034,-12.34611,-44.66361,-12.3175,8.0
18,1338.17,1207.92,2.0,34.0,-13.8901,-12.43545,-12.29433,4.002634,-12.43544,-44.68191,-12.24647,8.0
19,1336.71,1209.29,2.0,36.0,-13.5164,-12.33819,-13.39145,5.063184,-12.33819,-44.30821,-11.97003,8.0
20,1335.25,1210.66,2.0,38.0,-14.1485,-13.0441,-13.00877,5.382669,-13.0441,-44.94031,-11.89622,8.0
21,1333.8,1212.02,2.0,40.0,-14.0905,-13.19354,-13.90014,6.39393,-13.19354,-44.88231,-11.68877,8.0
22,1332.34,1213.39,2.0,42.0,-14.63,-13.78927,-13.78953,6.704128,-13.78927,-45.42181,-11.63254,8.0
23,1330.88,1214.76,2.0,44.0,-14.8346,-14.06395,-15.17705,7.118276,-14.06395,-45.62641,-11.56246,8.0
24,1329.42,1216.12,2.0,46.0,-15.6297,-14.85206,-13.29215,7.075447,-14.85206,-46.42151,-11.56945,8.0
25,1327.96,1217.49,2.0,48.0,-15.6898,-14.97463,-19.91229,7.471248,-14.97463,-46.48161,-11.50698,8.0
26,1326.5,1218.85,2.0,50.0,-15.8327,-15.03093,-11.85474,6.930277,-15.03093,-46.62451,-11.59359,8.0
27,1325.05,1220.22,2.0,52.0,-16.2501,-15.22826,-21.66844,5.763058,-15.22826,-47.04191,-11.81366,8.0
28,1323.59,1221.58,2.0,54.0,-16.81,-15.32279,-13.37749,3.889316,-15.32279,-47.60181,-12.27902,8.0
29,1322.13,1222.94,2.0,56.0,-17.861,-15.86339,-14.00535,2.335716,-15.86339,-48.65281,-12.78942,8.0
30,1320.66,1224.3,2.0,58.0,-19.0279,-16.09457,-19.39132,0.1553154,-16.09456,-49.81971,-13.72515,8.0
31,1319.2,1225.67,2.0,60.0,-18.7343,-15.76958,-11.83476,0.09163603,-15.76958,-49.52612,-13.75654,11.0
32,1317.74,1227.03,2.0,62.0,-17.0985,-15.28546,-24.38839,2.855758,-15.28546,-47.89031,-12.60485,11.0
33,1316.28,1228.39,2.0,64.0,-16.7335,-15.40422,-13.59062,4.460086,-15.40422,-47.52531,-12.1211,11.0
34,1314.81,1229.75,2.0,66.0,-15.7892,-14.71682,-22.06545,5.52714,-14.71682,-46.58101,-11.86419,11.0
35,1313.35,1231.12,2.0,68.0,-14.9645,-14.18384,-15.21001,7.057023,-14.18384,-45.75631,-11.57248,11.0
36,1311.89,1232.48,2.0,70.0,-14.6048,-13.88617,-17.62614,7.448511,-13.88617,-45.39661,-11.51044,11.0
37,1310.42,1233.84,2.0,72.0,-14.1899,-13.26507,-15.9371,6.246599,-13.26507,-44.98171,-11.71664,11.0
38,1308.96,1235.2,2.0,74.0,-13.69,-12.77583,-11.79511,6.302448,-12.77583,-44.48181,-11.70599,11.0
39,1307.5,1236.56,2.0,76.0,-13.4574,-12.36635,-16.45888,5.442441,-12.36634,-44.24921,-11.88287,11.0
40,1306.03,1237.92,2.0,78.0,-12.6794,-11.63565,-7.795005,5.659543,-11.63565,-43.47121,-11.83556,11.0
41,1304.57,1239.28,2.0,80.0,-12.5797,-11.21032,-9.99622,4.309923,-11.21032,-43.37151,-12.1612,11.0
42,1303.1,1240.64,2.0,82.0,-12.4518,-10.91655,-13.55148,3.72583,-10.91655,-43.24361,-12.32707,11.0
43,1301.64,1242.0,2.0,84.0,-12.0747,-10.3742,-8.761864,3.194121,-10.3742,-42.86651,-12.49231,11.0
44,1300.17,1243.35,2.0,86.0,-10.45,-8.920919,-12.87898,3.746585,-8.920919,-41.24181,-12.32089,11.0
45,1298.71,1244.71,2.0,88.0,-13.8946,-12.00779,-17.34765,2.64306,-12.00779,-44.68641,-12.67862,8.0
46,1297.24,1246.07,2.0,90.0,-10.5922,-8.516768,-7.170179,2.127799,-8.516768,-41.38401,-12.86724,11.0
47,1295.78,1247.43,2.0,92.0,-11.5615,-8.669766,-9.346079,0.240462,-8.669767,-42.35331,-13.68354,11.0
48,1294.31,1248.78,2.0,94.0,-13.1514,-11.8269,-14.07906,4.478275,-11.8269,-43.94321,-12.11631,8.0
49,1292.85,1250.14,2.0,96.0,-12.5063,-10.35258,-7.960249,1.924668,-10.35257,-43.29811,-12.94554,8.0
50,1291.38,1251.5,2.0,98.0,-11.971,-10.62623,-8.854783,4.401649,-10.62623,-42.76281,-12.13658,8.0
51,1289.91,1252.86,2.0,100.0,-12.3774,-11.06035,-13.58406,4.506673,-11.06035,-43.16921,-12.10886,8.0
52,1288.45,1254.21,2.0,102.0,-13.2528,-12.21452,-19.46457,5.685225,-12.21452,-44.04461,-11.83009,8.0
53,1286.98,1255.57,2.0,104.0,-13.6554,-12.69341,-12.83571,6.056287,-12.69341,-44.44721,-11.7538,8.0
54,1285.52,1256.93,2.0,106.0,-13.28,-12.24048,-10.16594,5.679374,-12.24048,-44.07181,-11.83134,8.0
55,1284.05,1258.28,2.0,108.0,-13.0001,-11.69242,-10.55794,4.542596,-11.69242,-43.79191,-12.09949,8.0
56,1282.58,1259.64,2.0,110.0,-13.3294,-11.48674,-14.56662,2.769519,-11.48673,-44.12121,-12.63448,8.0
57,1281.12,1261.0,2.0,112.0,-14.3446,-11.96355,-16.28216,1.365366,-11.96355,-45.13641,-13.17287,8.0
58,1279.65,1262.35,2.0,114.0,-14.007,-11.44159,-9.192154,0.9406123,-11.44159,-44.79881,-13.35722,8.0
59,1278.18,1263.71,2.0,116.0,-14.0475,-11.18313,-6.877894,0.2969346,-11.18313,-44.83931,-13.65618,11.0
60,1276.71,1265.06,2.0,118.0,-12.8884,-10.67632,-6.620089,1.776949,-10.67632,-43.68021,-13.00389,11.0
61,1275.25,1266.42,2.0,120.0,-12.1691,-10.53478,-9.276778,3.401722,-10.53478,-42.96091,-12.42613,11.0
62,1273.78,1267.78,2.0,122.0,-11.7184,-10.29838,-14.70153,4.125569,-10.29838,-42.51021,-12.21183,11.0
63,1272.31,1269.13,2.0,124.0,-11.2142,-10.03938,-17.70621,5.077469,-10.03938,-42.00601,-11.96664,11.0
64,1270.84,1270.49,2.0,126.0,-11.0649,-9.899098,-11.56468,5.115656,-9.899098,-41.85671,-11.95762,11.0
65,1269.37,1271.85,2.0,128.0,-11.2638,-9.933378,-8.207175,4.455769,-9.933378,-42.05561,-12.12223,11.0
66,1267.91,1273.2,2.0,130.0,-11.5605,-10.08675,-7.61856,3.935917,-10.08675,-42.35231,-12.26556,11.0
67,1266.44,1274.56,2.0,132.0,-12.394,-10.4266,-7.407725,2.418149,-10.4266,-43.18581,-12.75921,11.0
68,1264.98,1275.91,2.0,134.0,-13.3388,-10.70275,-9.162196,0.7838286,-10.70275,-44.13061,-13.42786,11.0
69,1263.51,1277.27,2.0,136.0,-13.8566,-10.93075,-10.78303,0.1705677,-10.93075,-44.64841,-13.71767,8.0
70,1262.04,1278.63,2.0,138.0,-13.2011,-11.20783,-8.661198,2.347508,-11.20783,-43.99291,-12.78508,8.0
71,1260.57,1279.98,2.0,140.0,-12.4527,-11.14904,-8.360505,4.558082,-11.14904,-43.24451,-12.09547,8.0
72,1259.1,1281.34,2.0,142.0,-11.6857,-10.70875,-7.257446,5.98149,-10.70875,-42.47751,-11.76876,8.0
73,1257.63,1282.7,2.0,144.0,-9.99521,-9.214425,-9.484715,7.056287,-9.214424,-40.78702,-11.5726,8.0
74,1256.17,1284.05,2.0,146.0,-9.811969,-8.698005,-12.33426,5.34025,-8.698005,-40.60378,-11.90578,8.0
75,1254.7,1285.41,2.0,148.0,-10.0254,-8.293289,-13.28724,3.097279,-8.293289,-40.81721,-12.52392,8.0
76,1253.23,1286.77,2.0,150.0,-10.3441,-8.080187,-25.34402,1.648227,-8.080186,-41.13591,-13.05573,8.0
77,1251.76,1288.12,2.0,152.0,-10.6336,-7.691115,-9.117219,0.1367016,-7.691117,-41.42541,-13.7343,8.0
78,1250.3,1289.48,2.0,154.0,-10.2975,-7.654348,-5.482195,0.7682273,-7.654348,-41.08931,-13.43496,11.0
79,1248.83,1290.83,2.0,156.0,-10.1518,-8.071066,-6.920858,2.113849,-8.071065,-40.94361,-12.87255,11.0
80,1247.37,1292.19,2.0,158.0,-10.004,-8.446234,-7.340588,3.650678,-8.446234,-40.79581,-12.34958,11.0
81,1245.9,1293.55,2.0,160.0,-10.7236,-9.503509,-11.57927,4.889602,-9.503509,-41.51541,-12.0119,11.0
82,1244.43,1294.91,2.0,162.0,-11.9086,-10.76159,-13.77615,5.196055,-10.76159,-42.70041,-11.93882,11.0
83,1242.96,1296.26,2.0,164.0,-13.8557,-12.34995,-14.06414,3.825723,-12.34996,-44.64751,-12.29756,11.0
84,1241.5,1297.62,2.0,166.0,-15.6691,-13.13329,-10.3646,1.007265,-13.13329,-46.46091,-13.32762,11.0
85,1240.03,1298.98,2.0,168.0,-15.84,-12.90308,-16.08089,0.1480168,-12.90308,-46.63181,-13.72873,8.0
86,1238.57,1300.33,2.0,170.0,-13.3986,-11.11832,-8.351887,1.608039,-11.11831,-44.19041,-13.0721,8.0
87,1237.1,1301.69,2.0,172.0,-11.9969,-9.471706,-10.2344,1.031295,-9.471705,-42.78871,-13.31701,8.0
88,1235.64,1303.05,2.0,174.0,-10.5297,-7.874293,-15.48658,0.74139,-7.874293,-41.32151,-13.44722,8.0
89,1234.17,1304.41,2.0,176.0,-10.1771,-7.096364,-3.468485,-0.1397525,-7.096364,-40.96891,-13.87255,8.0
90,1232.71,1305.77,2.0,178.0,-9.30687,-6.306735,-15.53264,0.02035383,-6.306734,-40.09868,-13.79195,8.0
91,1231.24,1307.12,2.0,180.0,-9.32816,-6.275584,-3.750024,-0.08414575,-6.275584,-40.11997,-13.84439,8.0
92,1229.78,1308.48,2.0,182.0,-9.795709,-6.779381,-13.77365,-0.01204681,-6.779381,-40.58752,-13.80814,8.0
93,1228.32,1309.84,2.0,184.0,-9.14592,-6.989738,-6.345093,1.918383,-6.989738,-39.93773,-12.94799,8.0
94,1226.85,1311.2,2.0,186.0,-10.3101,-8.326679,-9.030634,2.374301,-8.326679,-41.10191,-12.77524,8.0
95,1225.39,1312.56,2.0,188.0,-13.4873,-10.66681,-25.35717,0.3882886,-10.66681,-44.27911,-13.61231,8.0
96,1223.92,1313.92,2.0,190.0,-13.926,-10.80713,-12.07291,-0.2144853,-10.80713,-44.71781,-13.91068,11.0
97,1222.46,1315.28,2.0,192.0,-11.7209,-9.931836,-8.072392,2.926383,-9.931835,-42.51271,-12.58088,11.0
98,1221.0,1316.64,2.0,194.0,-9.75735,-8.822659,-12.31501,6.195436,-8.822658,-40.54916,-11.7265,11.0
99,1219.53,1318.01,2.0,196.0,-8.788071,-7.786839,-9.871123,5.862267,-7.786839,-39.57988,-11.79304,11.0
100,1218.07,1319.37,2.0,198.0,-8.643179,-6.660632,-3.828462,2.37669,-6.660632,-39.43499,-12.77436,11.0
101,1216.61,1320.73,2.0,200.0,-9.247561,-6.765395,-4.910107,1.129501,-6.765395,-40.03937,-13.27398,11.0
102,1215.15,1322.09,2.0,202.0,-9.24407,-6.69503,-2.879341,0.9773958,-6.69503,-40.03588,-13.34085,8.0
103,1213.69,1323.46,2.0,204.0,-8.422351,-6.737995,-5.34436,3.24414,-6.737995,-39.21416,-12.47617,8.0
104,1212.22,1324.82,2.0,206.0,-8.540411,-6.738778,-3.059404,2.889266,-6.738778,-39.33222,-12.59345,8.0
105,1210.76,1326.18,2.0,208.0,-9.189201,-6.443671,-5.552188,0.5467367,-6.443671,-39.98101,-13.53734,8.0
106,1209.31,1327.54,2.0,210.0,-8.23827,-5.968236,-5.485971,1.633175,-5.968236,-39.03008,-13.06185,11.0
107,1207.84,1328.91,2.0,212.0,-7.97122,-6.347896,-13.50487,3.436876,-6.347896,-38.76303,-12.41514,11.0
108,1206.38,1330.28,2.0,214.0,-9.11964,-7.805443,-11.01799,4.517585,-7.805443,-39.91145,-12.10601,11.0
109,1204.93,1331.64,2.0,216.0,-11.4228,-9.56903,-7.759295,2.737477,-9.56903,-42.21461,-12.64558,11.0
110,1203.47,1333.01,2.0,218.0,-11.2669,-8.835564,-9.745776,1.24716,-8.835565,-42.05871,-13.22315,11.0
111,1202.01,1334.37,2.0,220.0,-8.79801,-6.482571,-10.92409,1.522473,-6.48257,-39.58982,-13.10725,11.0
112,1200.55,1335.74,2.0,222.0,-7.439971,-5.124781,-2.02759,1.523077,-5.124781,-38.23178,-13.107,11.0
113,1199.09,1337.11,2.0,224.0,-8.011589,-4.969668,-16.01606,-0.06301256,-4.969669,-38.8034,-13.83373,11.0
114,1197.64,1338.47,2.0,226.0,-8.629689,-5.967516,-5.821154,0.7266097,-5.967515,-39.4215,-13.45399,8.0
115,1196.18,1339.84,2.0,228.0,-8.558919,-6.078175,-2.589267,1.132767,-6.078175,-39.35073,-13.27256,8.0
116,1194.73,1341.21,2.0,230.0,-8.26359,-6.108333,-9.212944,1.920748,-6.108334,-39.0554,-12.94707,11.0
117,1193.27,1342.58,2.0,232.0,-7.16043,-5.763089,-12.28283,4.20743,-5.763089,-37.95224,-12.18915,11.0
118,1191.82,1343.95,2.0,234.0,-7.635789,-6.547039,-7.004785,5.452822,-6.54704,-38.4276,-11.88056,11.0
119,1190.36,1345.32,2.0,236.0,-9.180031,-7.085783,-6.533612,2.078441,-7.085783,-39.97184,-12.88606,11.0
120,1188.91,1346.69,2.0,238.0,-8.06624,-5.731554,-6.658377,1.476047,-5.731554,-38.85805,-13.1265,11.0
121,1187.46,1348.07,2.0,240.0,-6.470749,-4.223665,-8.716149,1.689771,-4.223665,-37.26256,-13.0389,11.0
122,1186.0,1349.44,2.0,242.0,-7.406051,-4.625061,-23.46704,0.4714061,-4.625061,-38.19786,-13.5728,11.0
123,1184.55,1350.82,2.0,244.0,-8.07972,-5.16673,-2.859241,0.1968505,-5.166729,-38.87153,-13.7048,11.0
124,1183.1,1352.19,2.0,246.0,-6.65889,-4.86302,-4.551087,2.90626,-4.86302,-37.4507,-12.58768,11.0
125,1181.65,1353.57,2.0,248.0,-6.519699,-5.212123,-5.525256,4.542994,-5.212123,-37.31151,-12.09939,11.0
126,1180.2,1354.94,2.0,250.0,-7.110219,-5.735451,-5.966499,4.290047,-5.735451,-37.90203,-12.16658,11.0
127,1178.75,1356.32,2.0,252.0,-6.43425,-4.84231,-2.153864,3.538319,-4.84231,-37.22606,-12.38375,11.0
128,1177.31,1357.7,2.0,254.0,-5.977459,-4.046106,-12.03879,2.517822,-4.046106,-36.76927,-12.72317,11.0
129,1175.86,1359.08,2.0,256.0,-6.497011,-4.134356,-13.95153,1.409088,-4.134357,-37.28882,-13.15447,11.0
130,1174.41,1360.46,2.0,258.0,-5.769651,-3.84486,-10.66574,2.536127,-3.844861,-36.56146,-12.7166,11.0
131,1172.97,1361.84,2.0,260.0,-5.743489,-4.156914,-18.22311,3.555824,-4.156914,-36.5353,-12.37839,11.0
132,1171.52,1363.22,2.0,262.0,-5.57894,-4.387706,-9.005846,5.00865,-4.387707,-36.37075,-11.98305,11.0
133,1170.08,1364.6,2.0,264.0,-5.36298,-4.19751,-2.813144,5.117073,-4.197511,-36.15479,-11.95728,11.0
134,1168.64,1365.98,2.0,266.0,-5.00098,-3.579618,-2.399215,4.120751,-3.579619,-35.79279,-12.21317,11.0
135,1167.2,1367.37,2.0,268.0,-5.293939,-3.506577,-13.66136,2.931431,-3.506577,-36.08575,-12.57917,11.0
136,1165.76,1368.75,2.0,270.0,-4.40496,-2.960382,-0.1722794,4.038142,-2.960382,-35.19677,-12.23639,11.0
137,1164.32,1370.14,2.0,272.0,-4.848991,-3.484564,-3.743344,4.328282,-3.484564,-35.6408,-12.15624,11.0
138,1162.88,1371.53,2.0,274.0,-4.160359,-3.183415,-9.723748,5.98152,-3.183414,-34.95217,-11.76876,11.0
139,1161.44,1372.92,2.0,276.0,-3.85206,-2.948787,-3.808488,6.360191,-2.948786,-34.64387,-11.69509,11.0
140,1160.01,1374.31,2.0,278.0,-4.786411,-3.506072,-2.484177,4.648711,-3.506072,-35.57822,-12.07215,11.0
141,1158.57,1375.7,2.0,280.0,-3.017271,-1.986349,-0.4095101,5.719935,-1.98635,-33.80908,-11.82273,11.0
142,1157.14,1377.09,2.0,282.0,-3.47322,-2.463082,-1.991117,5.819181,-2.463082,-34.26503,-11.80195,11.0
143,1155.71,1378.49,2.0,284.0,-4.835539,-3.655112,-3.791354,5.053877,-3.655112,-35.62735,-11.97224,11.0
144,1154.28,1379.88,2.0,286.0,-3.388209,-2.601444,-5.70123,7.020068,-2.601443,-34.18002,-11.57858,11.0
145,1152.85,1381.28,2.0,288.0,-2.115231,-1.516967,-4.687937,8.306349,-1.516967,-32.90704,-11.39008,11.0
146,1151.42,1382.68,2.0,290.0,-2.22064,-1.624782,-4.150007,8.325076,-1.624782,-33.01245,-11.38767,11.0
147,1150.0,1384.08,2.0,292.0,-3.212209,-2.557892,-6.144879,7.888697,-2.557892,-34.00402,-11.44613,11.0
148,1148.57,1385.48,2.0,294.0,-4.26409,-3.366452,-7.6587,6.390285,-3.366452,-35.0559,-11.68945,11.0
149,1147.15,1386.88,2.0,296.0,-5.02208,-3.921055,-9.196782,5.397734,-3.921054,-35.81389,-11.89284,11.0
150,1145.73,1388.29,2.0,298.0,-5.480051,-4.335297,-1.899341,5.205777,-4.335297,-36.27186,-11.93657,11.0
151,1144.31,1389.69,2.0,300.0,-5.8324,-4.716111,-9.24027,5.329983,-4.716112,-36.62421,-11.9081,11.0
152,1142.89,1391.1,2.0,302.0,-6.21969,-5.184375,-2.668593,5.699182,-5.184375,-37.0115,-11.82713,11.0
153,1141.47,1392.51,2.0,304.0,-6.74232,-5.734975,-7.630885,5.832657,-5.734975,-37.53413,-11.79916,11.0
154,1140.06,1393.92,2.0,306.0,-7.408719,-6.289172,-4.309276,5.315629,-6.289172,-38.20053,-11.91136,11.0
155,1138.65,1395.34,2.0,308.0,-8.203371,-6.945982,-4.192061,4.739295,-6.945982,-38.99518,-12.0492,11.0
156,1137.24,1396.76,2.0,310.0,-8.73213,-7.433991,-17.75899,4.579403,-7.433991,-39.52394,-12.08995,11.0
157,1135.83,1398.17,2.0,312.0,-8.24254,-7.209694,-6.216874,5.710831,-7.209694,-39.03435,-11.82466,11.0
158,1134.43,1399.6,2.0,314.0,-7.988851,-7.203391,-5.72762,7.027955,-7.203392,-38.78066,-11.57727,11.0
159,1133.03,1401.02,2.0,316.0,-12.5131,-10.80476,-8.79308,3.169956,-10.80476,-43.30491,-12.50016,11.0
160,1131.63,1402.45,2.0,318.0,-14.9967,-12.62898,-11.16133,1.397028,-12.62898,-45.78851,-13.15953,11.0
161,1130.23,1403.88,2.0,320.0,-18.7606,-16.29407,-20.38406,1.165494,-16.29407,-49.55241,-13.25834,8.0
162,1128.84,1405.31,2.0,322.0,-20.091,-18.17557,-25.69292,2.562327,-18.17557,-50.88281,-12.70724,8.0
163,1127.45,1406.74,2.0,324.0,-20.3612,-17.9252,-23.00439,1.236296,-17.9252,-51.15301,-13.22781,20.0
164,1126.06,1408.18,2.0,326.0,-21.8816,-19.56129,-33.26592,1.510695,-19.56129,-52.67341,-13.11212,20.0
165,1124.67,1409.62,2.0,328.0,-21.5121,-20.0951,-17.37762,4.13639,-20.0951,-52.30391,-12.20881,20.0
166,1123.29,1411.07,2.0,330.0,-20.6288,-20.01248,-19.06797,8.16798,-20.01248,-51.42061,-11.40813,20.0
167,1121.92,1412.52,2.0,332.0,-23.8313,-23.39421,-21.83359,9.751692,-23.3942,-54.62311,-11.22891,20.0
168,1120.54,1413.97,2.0,334.0,-23.3258,-23.29022,-23.49899,20.84706,-23.29021,-54.11761,-10.8274,20.0
169,1119.17,1415.43,2.0,336.0,-22.0591,-22.05906,-22.07176,50.00742,-22.05905,-52.85091,-10.79186,20.0
170,1117.81,1416.89,2.0,338.0,-24.3444,-24.34345,-24.27382,36.57736,-24.34345,-55.13621,-10.79277,20.0
171,1116.45,1418.35,2.0,340.0,-23.0826,-23.08253,-23.07766,47.55077,-23.08252,-53.87441,-10.79189,20.0
172,1115.1,1419.82,2.0,342.0,-25.708,-25.70791,-25.66729,46.54782,-25.7079,-56.49981,-10.79191,20.0
173,1113.75,1421.3,2.0,344.0,-24.5351,-24.535,-24.58383,45.78575,-24.53499,-55.32692,-10.79193,20.0
174,1112.4,1422.78,2.0,346.0,-28.3858,-28.38565,-28.36955,43.97449,-28.38563,-59.17761,-10.79199,20.0
175,1111.07,1424.27,2.0,348.0,-24.4054,-24.40532,-24.3725,47.04094,-24.40531,-55.19721,-10.7919,20.0
176,1109.74,1425.76,2.0,350.0,-25.9168,-25.9167,-25.93359,45.80224,-25.91669,-56.70861,-10.79193,20.0
177,1108.42,1427.26,2.0,352.0,-25.8038,-25.80372,-25.8373,46.8303,-25.80371,-56.59561,-10.7919,20.0
178,1107.11,1428.77,2.0,354.0,-23.61,-23.60991,-23.64184,46.72161,-23.60991,-54.40181,-10.7919,20.0
179,1105.81,1430.29,2.0,356.0,-23.323,-23.32296,-23.31294,49.80561,-23.32296,-54.11481,-10.79186,20.0
180,1104.51,1431.81,2.0,358.0,-24.406,-24.40587,-24.38895,44.90247,-24.40586,-55.19781,-10.79195,20.0
181,1103.23,1433.34,2.0,360.0,-25.1987,-25.19853,-25.17473,43.87725,-25.19852,-55.99051,-10.79199,20.0
182,1101.94,1434.87,2.0,362.0,-25.5909,-25.59077,-25.55254,44.72865,-25.59076,-56.38271,-10.79196,20.0
183,1100.65,1436.4,2.0,364.0,-25.5316,-25.5315,-25.49225,45.90295,-25.53149,-56.32341,-10.79192,20.0
184,1099.36,1437.93,2.0,366.0,-26.0915,-26.09129,-26.13853,42.96434,-26.09128,-56.88331,-10.79203,20.0
185,1098.08,1439.46,2.0,368.0,-26.1643,-26.16202,-26.28438,32.76374,-26.16201,-56.95612,-10.79411,20.0
186,1096.79,1440.99,2.0,370.0,-26.5638,-26.56145,-26.47041,32.64191,-26.56144,-57.35561,-10.79418,20.0
187,1095.51,1442.52,2.0,372.0,-26.4144,-26.41213,-26.53543,32.79364,-26.41212,-57.20621,-10.79409,20.0
188,1094.23,1444.06,2.0,374.0,-26.5681,-26.56392,-26.36473,30.15565,-26.56391,-57.35991,-10.796,20.0
189,1092.95,1445.59,2.0,376.0,-27.9524,-27.94719,-28.01059,29.19725,-27.94718,-58.74421,-10.79703,20.0
190,1091.67,1447.13,2.0,378.0,-29.6523,-29.64415,-29.63444,27.25078,-29.64413,-60.44411,-10.79998,20.0
191,1090.4,1448.68,2.0,380.0,-29.6501,-29.63736,-29.96951,25.31173,-29.63734,-60.44191,-10.80458,20.0
192,1089.14,1450.23,2.0,382.0,-30.3511,-30.33739,-30.4051,24.99221,-30.33736,-61.14291,-10.80555,20.0
193,1087.88,1451.78,2.0,384.0,-29.6973,-29.68421,-29.34788,25.19228,-29.68418,-60.48911,-10.80493,20.0
194,1086.64,1453.35,2.0,386.0,-28.3386,-28.30217,-28.12912,20.7425,-28.30215,-59.13041,-10.82826,20.0
195,1085.41,1454.92,2.0,388.0,-34.7491,-34.44385,-35.96692,11.37661,-34.44377,-65.54091,-11.09714,20.0
196,1084.2,1456.52,2.0,390.0,-29.2786,-29.06532,-31.05841,12.98082,-29.0653,-60.07042,-11.00511,20.0
197,1083.02,1458.13,2.0,392.0,-28.8631,-28.69086,-30.53126,13.92949,-28.69084,-59.65491,-10.96408,20.0
198,1081.89,1459.78,2.0,394.0,-36.0832,-34.55806,-32.12777,3.759641,-34.55799,-66.87501,-12.31702,20.0
199,1080.82,1461.47,2.0,396.0,-37.0318,-35.54867,-42.12987,3.903054,-35.54857,-67.82361,-12.27504,20.0
200,1079.87,1463.23,2.0,398.0,-32.5324,-32.02437,-35.18852,9.06211,-32.02433,-63.32421,-11.29988,20.0
201,1079.13,1465.09,2.0,400.0,-34.0965,-32.07483,-31.90548,2.270638,-32.07478,-64.88831,-12.81353,20.0
202,1078.84,1467.06,2.0,402.0,-33.5426,-31.39291,-28.47213,1.934887,-31.39287,-64.33441,-12.94154,20.0
203,1079.34,1468.97,2.0,404.0,-34.9101,-31.0543,-40.58208,-1.552976,-31.05426,-65.70191,-14.64765,20.0
204,1080.54,1470.57,2.0,406.0,-33.3544,-30.04793,-27.63154,-0.573478,-30.0479,-64.14621,-14.09831,19.0
205,1082.03,1471.89,2.0,408.0,-32.7969,-30.75451,-30.92489,2.215229,-30.75448,-63.58872,-12.83424,19.0
206,1083.63,1473.1,2.0,410.0,-32.4698,-31.07667,-41.41063,4.222642,-31.07664,-63.26161,-12.18497,19.0
207,1085.25,1474.27,2.0,412.0,-32.0082,-29.46113,-36.36102,0.981777,-29.4611,-62.80001,-13.33891,19.0
208,1086.87,1475.44,2.0,414.0,-32.9709,-30.99188,-35.56391,2.386232,-30.99185,-63.76271,-12.77086,19.0
209,1088.47,1476.65,2.0,416.0,-33.4558,-31.36557,-28.87131,2.08885,-31.36553,-64.24761,-12.88208,19.0
210,1090.03,1477.89,2.0,418.0,-32.3671,-30.48511,-40.14246,2.65666,-30.48508,-63.15891,-12.67383,19.0
211,1091.56,1479.18,2.0,420.0,-33.4007,-30.82917,-32.27943,0.9268293,-30.82914,-64.19251,-13.36337,19.0
212,1093.05,1480.52,2.0,422.0,-34.8955,-31.16011,-48.08196,-1.346334,-31.16007,-65.68731,-14.52724,19.0
213,1094.49,1481.9,2.0,424.0,-35.4778,-30.85452,-34.16842,-2.786512,-30.85449,-66.26961,-15.41512,19.0
214,1095.89,1483.33,2.0,426.0,-34.7733,-31.60874,-47.29169,-0.3033175,-31.6087,-65.56511,-13.95642,19.0
215,1097.24,1484.8,2.0,428.0,-35.0875,-31.83146,-42.81925,-0.4783952,-31.83142,-65.87931,-14.04789,19.0
216,1098.55,1486.32,2.0,430.0,-35.509,-32.37017,-38.19818,-0.253451,-32.37013,-66.30081,-13.93069,20.0
217,1099.81,1487.87,2.0,432.0,-33.6959,-30.85403,-42.83273,0.3435833,-30.85399,-64.48771,-13.63372,19.0
218,1101.03,1489.45,2.0,434.0,-35.565,-32.482,-29.24338,-0.1442961,-32.48195,-66.35681,-13.87486,20.0
219,1102.21,1491.07,2.0,436.0,-35.0562,-34.51122,-36.38499,8.738003,-34.51114,-65.84801,-11.33687,20.0
220,1103.35,1492.71,2.0,438.0,-33.3933,-32.95478,-37.06254,9.736275,-32.95472,-64.18511,-11.23039,20.0
221,1104.48,1494.36,2.0,440.0,-33.2842,-32.66154,-31.51936,8.119899,-32.66149,-64.07601,-11.41452,20.0
222,1105.64,1495.99,2.0,442.0,-33.0099,-32.43738,-35.28808,8.510106,-32.43733,-63.80171,-11.36439,20.0
223,1106.82,1497.6,2.0,444.0,-34.4249,-33.94057,-36.16775,9.281357,-33.9405,-65.21671,-11.27621,20.0
224,1108.02,1499.2,2.0,446.0,-33.8464,-33.53933,-33.55903,11.35007,-33.53927,-64.63821,-11.09895,20.0
225,1109.24,1500.78,2.0,448.0,-34.6207,-34.27786,-32.80989,10.85337,-34.27778,-65.41251,-11.13473,20.0
226,1110.48,1502.35,2.0,450.0,-34.3639,-33.90985,-36.66898,9.577145,-33.90978,-65.15571,-11.24593,20.0
227,1111.73,1503.91,2.0,452.0,-33.7302,-33.50907,-35.48264,12.81911,-33.50901,-64.52201,-11.013,20.0
228,1112.99,1505.47,2.0,454.0,-33.173,-32.83354,-33.3878,10.89845,-32.83349,-63.96481,-11.13132,20.0
229,1114.26,1507.01,2.0,456.0,-34.1944,-33.94424,-32.81413,12.26874,-33.94417,-64.98622,-11.04204,20.0
230,1115.53,1508.55,2.0,458.0,-34.2595,-34.05002,-34.02625,13.05983,-34.04995,-65.05131,-11.00136,20.0
231,1116.82,1510.08,2.0,460.0,-33.6194,-33.48416,-35.04039,14.99705,-33.4841,-64.41121,-10.92711,20.0
232,1118.12,1511.6,2.0,462.0,-33.3533,-33.12148,-33.43952,12.60879,-33.12142,-64.14511,-11.02369,20.0
233,1119.42,1513.12,2.0,464.0,-33.4791,-33.29281,-34.96801,13.58103,-33.29275,-64.27091,-10.97816,20.0
234,1120.73,1514.63,2.0,466.0,-33.8371,-33.67051,-33.0488,14.07613,-33.67045,-64.62891,-10.95847,20.0
235,1122.05,1516.13,2.0,468.0,-33.3944,-33.17434,-32.87486,12.84069,-33.17428,-64.18622,-11.01193,20.0
236,1123.37,1517.63,2.0,470.0,-33.381,-33.1732,-36.45225,13.09595,-33.17315,-64.17281,-10.99966,20.0
237,1124.69,1519.13,2.0,472.0,-33.5044,-33.30912,-32.11833,13.37187,-33.30906,-64.29621,-10.98715,20.0
238,1126.03,1520.62,2.0,474.0,-32.9863,-32.91571,-33.10437,17.85167,-32.91566,-63.77811,-10.86246,20.0
239,1127.36,1522.1,2.0,476.0,-33.1799,-33.10895,-33.10671,17.82935,-33.1089,-63.97172,-10.86282,20.0
240,1128.7,1523.59,2.0,478.0,-32.2517,-32.19906,-31.90983,19.13414,-32.19901,-63.04351,-10.8445,20.0
241,1130.05,1525.07,2.0,480.0,-32.0794,-32.04506,-30.99801,20.9973,-32.04502,-62.87121,-10.82619,20.0
242,1131.4,1526.54,2.0,482.0,-31.8923,-31.85276,-30.65266,20.38279,-31.85272,-62.68411,-10.8314,20.0
243,1132.75,1528.01,2.0,484.0,-32.0397,-32.00472,-31.21888,20.91635,-32.00467,-62.83151,-10.82684,20.0
244,1134.11,1529.48,2.0,486.0,-31.4816,-31.43293,-30.60266,19.47772,-31.43289,-62.27341,-10.84052,20.0
245,1135.47,1530.95,2.0,488.0,-31.0559,-30.83588,-30.25673,12.842,-30.83584,-61.84771,-11.01187,20.0
246,1136.83,1532.41,2.0,490.0,-31.4758,-31.11639,-29.69376,10.6405,-31.11635,-62.26761,-11.15126,20.0
247,1138.2,1533.87,2.0,492.0,-30.9835,-30.86779,-29.35238,15.68493,-30.86776,-61.77531,-10.90755,20.0
248,1139.57,1535.32,2.0,494.0,-31.1088,-30.9124,-31.08247,13.34722,-30.91237,-61.90061,-10.98824,20.0
249,1140.94,1536.78,2.0,496.0,-45.7093,-45.33026,-44.51225,10.38888,-45.32932,-76.50111,-11.17179,11.0
250,1142.31,1538.23,2.0,498.0,-44.0413,-43.27163,-41.18897,7.12068,-43.27104,-74.83311,-11.56207,11.0
251,1143.69,1539.68,2.0,500.0,-48.2643,-45.70072,-43.12075,0.9424133,-45.6997,-79.05612,-13.35642,11.0
252,1145.07,1541.12,2.0,502.0,-51.3427,-47.48119,-53.51076,-1.565215,-47.47966,-82.13451,-14.65485,11.0
253,1146.45,1542.57,2.0,504.0,-52.7678,-47.41885,-43.20263,-3.852561,-47.41734,-83.55961,-16.14227,20.0
254,1147.84,1544.01,2.0,506.0,-51.1753,-45.83,-45.22971,-3.846754,-45.82895,-81.96711,-16.13816,11.0
255,1149.23,1545.45,2.0,508.0,-48.5821,-43.84604,-41.20595,-2.958468,-43.84537,-79.37391,-15.52854,17.0
256,1150.62,1546.88,2.0,510.0,-47.2006,-43.57019,-40.2259,-1.163735,-43.56957,-77.99241,-14.42284,17.0
257,1152.01,1548.32,2.0,512.0,-49.1748,-44.65626,-46.82091,-2.626787,-44.65547,-79.96661,-15.31115,17.0
258,1153.4,1549.75,2.0,514.0,-48.9858,-45.3384,-50.09487,-1.194242,-45.33746,-79.77761,-14.44015,17.0
259,1154.79,1551.18,2.0,516.0,-45.5854,-43.87456,-45.99173,3.160239,-43.87389,-76.37721,-12.50332,17.0
260,1156.19,1552.61,2.0,518.0,-45.3716,-43.05062,-58.53446,1.507751,-43.05007,-76.16341,-13.11334,17.0
261,1157.59,1554.04,2.0,520.0,-47.0769,-45.0621,-44.50289,2.286879,-45.06122,-77.86871,-12.80749,17.0
262,1158.99,1555.46,2.0,522.0,-46.0813,-44.44598,-44.42864,3.396097,-44.44522,-76.87311,-12.4279,17.0
263,1160.4,1556.89,2.0,524.0,-43.0206,-41.56502,-40.47375,3.997987,-41.56462,-73.81241,-12.24779,17.0
264,1161.8,1558.31,2.0,526.0,-43.6461,-43.32476,-47.41164,11.13833,-43.32417,-74.43791,-11.11374,17.0
265,1163.21,1559.73,2.0,528.0,-45.6213,-44.87247,-41.89781,7.248883,-44.87162,-76.41311,-11.54149,17.0
266,1164.61,1561.15,2.0,530.0,-42.2036,-41.89878,-42.40675,11.37781,-41.89836,-72.99542,-11.09706,17.0
267,1166.02,1562.56,2.0,532.0,-40.7412,-40.41489,-39.24383,11.07313,-40.41458,-71.53301,-11.11843,17.0
268,1167.43,1563.98,2.0,534.0,-43.7667,-43.36437,-42.59575,10.12258,-43.36377,-74.55851,-11.19474,17.0
269,1168.85,1565.39,2.0,536.0,-42.436,-41.82578,-47.19626,8.211111,-41.82536,-73.22781,-11.40245,17.0
270,1170.26,1566.8,2.0,538.0,-39.6003,-39.21233,-41.29629,10.29178,-39.2121,-70.39211,-11.18001,17.0
271,1171.68,1568.22,2.0,540.0,-40.9962,-40.60544,-42.79559,10.25825,-40.60513,-71.78801,-11.18289,17.0
272,1173.1,1569.63,2.0,542.0,-42.5977,-42.21516,-42.40116,10.353,-42.2147,-73.38951,-11.17481,17.0
273,1174.52,1571.03,2.0,544.0,-39.166,-38.66337,-38.93771,9.109799,-38.66317,-69.95781,-11.29464,17.0
274,1175.94,1572.44,2.0,546.0,-38.8969,-38.55705,-42.08449,10.89131,-38.55685,-69.68871,-11.13186,17.0
275,1177.36,1573.84,2.0,548.0,-41.9782,-41.64218,-43.32755,10.93974,-41.64178,-72.77001,-11.12823,17.0
276,1178.78,1575.25,2.0,550.0,-38.5181,-38.29827,-39.02034,12.84291,-38.29809,-69.30991,-11.01182,17.0
277,1180.21,1576.65,2.0,552.0,-37.5843,-37.37457,-35.33496,13.05271,-37.37442,-68.37611,-11.00169,17.0
278,1181.63,1578.05,2.0,554.0,-40.7948,-40.28384,-42.81056,9.03334,-40.28355,-71.58661,-11.30307,17.0
279,1183.06,1579.45,2.0,556.0,-37.7787,-37.29229,-39.32113,9.260917,-37.29214,-68.57051,-11.27837,17.0
280,1184.49,1580.85,2.0,558.0,-37.2848,-36.86137,-34.83818,9.895108,-36.86124,-68.07662,-11.21538,17.0
281,1185.92,1582.25,2.0,560.0,-39.3043,-38.81347,-39.16426,9.218869,-38.81326,-70.09611,-11.28285,17.0
282,1187.35,1583.64,2.0,562.0,-37.5899,-37.19801,-40.02906,10.24707,-37.19787,-68.38172,-11.18385,17.0
283,1188.78,1585.04,2.0,564.0,-36.8053,-36.62345,-37.0513,13.68631,-36.62332,-67.59711,-10.97379,17.0
284,1190.21,1586.43,2.0,566.0,-38.4037,-38.04804,-36.77193,10.68619,-38.04786,-69.19551,-11.14765,17.0
285,1191.65,1587.82,2.0,568.0,-36.4011,-35.94321,-34.79447,9.538207,-35.9431,-67.19291,-11.24981,17.0
286,1193.08,1589.21,2.0,570.0,-36.8433,-36.65272,-36.34108,13.4784,-36.65259,-67.63511,-10.98252,17.0
287,1194.52,1590.6,2.0,572.0,-37.4762,-36.57278,-38.48523,6.358719,-36.57265,-68.26801,-11.69536,17.0
288,1195.96,1591.99,2.0,574.0,-35.5139,-34.90281,-35.80901,8.206972,-34.90272,-66.30571,-11.40299,17.0
289,1197.4,1593.38,2.0,576.0,-37.6747,-37.08528,-38.59005,8.374425,-37.08514,-68.46652,-11.38138,17.0
290,1198.84,1594.76,2.0,578.0,-35.7053,-35.36223,-36.44274,10.85016,-35.36214,-66.49711,-11.13497,17.0
291,1200.28,1596.14,2.0,580.0,-35.6887,-33.87695,-32.72282,2.859348,-33.87689,-66.48051,-12.60363,17.0
292,1201.73,1597.53,2.0,582.0,-37.1589,-34.2368,-34.04435,0.1780793,-34.23673,-67.95071,-13.71399,17.0
293,1203.17,1598.91,2.0,584.0,-34.5638,-33.38684,-39.77876,5.068196,-33.38678,-65.35561,-11.96884,17.0
294,1204.62,1600.29,2.0,586.0,-36.8548,-34.65569,-42.88029,1.809316,-34.65561,-67.64661,-12.991,17.0
295,1206.07,1601.67,2.0,588.0,-35.1963,-34.05763,-35.77542,5.231806,-34.05756,-65.98811,-11.93055,17.0
296,1207.51,1603.05,2.0,590.0,-35.5816,-34.75104,-32.96797,6.761784,-34.75096,-66.37341,-11.62245,17.0
297,1208.96,1604.42,2.0,592.0,-35.8521,-34.42789,-36.06761,4.110298,-34.42782,-66.64391,-12.21609,17.0
298,1210.42,1605.8,2.0,594.0,-34.7119,-33.8255,-31.65716,6.450437,-33.82543,-65.50371,-11.67828,17.0
299,1211.87,1607.17,2.0,596.0,-36.478,-35.06919,-35.22375,4.165561,-35.0691,-67.26981,-12.20071,17.0
300,1213.32,1608.54,2.0,598.0,-34.4493,-33.57615,-34.53464,6.522709,-33.57609,-65.24111,-11.66503,17.0
301,1214.78,1609.92,2.0,600.0,-35.9276,-35.30196,-34.30375,8.097342,-35.30187,-66.71941,-11.41754,17.0
302,1216.23,1611.29,2.0,602.0,-35.304,-34.6055,-31.99705,7.581695,-34.60542,-66.09582,-11.4904,17.0
303,1217.69,1612.65,2.0,604.0,-35.1401,-34.49887,-34.55978,7.982574,-34.49879,-65.93191,-11.43312,17.0
304,1219.15,1614.02,2.0,606.0,-35.2395,-34.41444,-32.33352,6.793497,-34.41436,-66.03131,-11.61695,17.0
305,1220.61,1615.39,2.0,608.0,-35.3762,-33.84948,-43.90023,3.754317,-33.84941,-66.16801,-12.3186,17.0
306,1222.07,1616.75,2.0,610.0,-35.3337,-34.9013,-33.46416,9.800137,-34.90122,-66.12551,-11.22429,17.0
307,1223.53,1618.11,2.0,612.0,-35.3771,-34.93442,-36.48792,9.692847,-34.93434,-66.16891,-11.23458,17.0
308,1225.0,1619.47,2.0,614.0,-35.3477,-35.00548,-35.35252,10.86135,-35.00539,-66.13951,-11.13412,17.0
309,1226.46,1620.83,2.0,616.0,-35.3976,-34.47851,-38.09981,6.276208,-34.47843,-66.18941,-11.71098,17.0
310,1227.93,1622.19,2.0,618.0,-35.382,-35.12021,-34.91721,12.06524,-35.12012,-66.17381,-11.05369,17.0
311,1229.4,1623.54,2.0,620.0,-35.9571,-35.45428,-34.78939,9.108996,-35.45418,-66.74891,-11.29473,17.0
312,1230.88,1624.89,2.0,622.0,-35.2732,-34.52465,-35.8484,7.255528,-34.52458,-66.06501,-11.54044,17.0
313,1232.35,1626.24,2.0,624.0,-35.5114,-34.49787,-32.03452,5.802523,-34.4978,-66.30321,-11.80541,17.0
314,1233.83,1627.59,2.0,626.0,-36.2004,-33.88405,-34.26054,1.520113,-33.88398,-66.99221,-13.10823,19.0
315,1235.31,1628.94,2.0,628.0,-36.3797,-33.76986,-34.36905,0.8414843,-33.76979,-67.17151,-13.40172,19.0
316,1236.79,1630.28,2.0,630.0,-35.4875,-33.64555,-33.58624,2.771396,-33.64548,-66.27931,-12.63383,17.0
317,1238.27,1631.62,2.0,632.0,-31.3713,-30.15144,-32.9744,4.890429,-30.15141,-62.16311,-12.0117,19.0
318,1239.76,1632.95,2.0,634.0,-26.3724,-26.08575,-25.04957,11.66012,-26.08574,-57.16421,-11.07847,19.0
319,1241.26,1634.28,2.0,636.0,-27.0682,-26.28918,-29.62669,7.066971,-26.28917,-57.86001,-11.57084,19.0
320,1242.74,1635.62,2.0,638.0,-25.8658,-25.69723,-24.90934,14.0252,-25.69722,-56.65762,-10.96039,19.0
321,1244.23,1636.96,2.0,640.0,-25.0405,-24.61419,-23.71048,9.865606,-24.61418,-55.83231,-11.21813,19.0
322,1245.7,1638.3,2.0,642.0,-27.829,-26.93565,-29.31729,6.413232,-26.93564,-58.62081,-11.68518,19.0
323,1247.18,1639.66,2.0,644.0,-36.9022,-34.27577,-29.97094,0.8048335,-34.2757,-67.69401,-13.41831,8.0
324,1248.65,1641.02,2.0,646.0,-36.9485,-34.47256,-36.09906,1.143646,-34.47249,-67.74031,-13.26783,8.0
325,1250.11,1642.38,2.0,648.0,-36.9898,-33.50876,-40.50492,-0.8955162,-33.5087,-67.78161,-14.27291,17.0
326,1251.57,1643.75,2.0,650.0,-35.9765,-34.45699,-40.57752,3.77867,-34.45692,-66.76831,-12.3114,8.0
327,1253.03,1645.11,2.0,652.0,-35.6984,-34.34632,-33.82167,4.373978,-34.34625,-66.49021,-12.14397,8.0
328,1254.51,1646.46,2.0,654.0,-35.8862,-32.85607,-57.91325,-0.03968276,-32.85602,-66.67801,-13.822,19.0
329,1256.08,1647.68,2.0,656.0,-40.5713,-36.08246,-32.73155,-2.579719,-36.08235,-71.36311,-15.28077,11.0
330,1257.86,1647.27,2.0,658.0,-32.5541,-31.16384,-29.33397,4.233096,-31.16381,-63.34591,-12.18211,19.0
331,1259.53,1646.17,2.0,660.0,-31.4005,-29.79205,-28.99449,3.484677,-29.79203,-62.19231,-12.40028,19.0
332,1261.39,1645.45,2.0,662.0,-38.591,-36.22346,-36.18515,1.397194,-36.22335,-69.38281,-13.15946,19.0
333,1263.34,1645.0,2.0,664.0,-38.4345,-36.27076,-47.67191,1.898806,-36.27065,-69.22631,-12.95567,19.0
334,1265.32,1644.73,2.0,666.0,-33.6449,-32.86069,-32.1857,7.035187,-32.86064,-64.43671,-11.57608,19.0
335,1267.31,1644.6,2.0,668.0,-36.15,-35.53776,-35.11515,8.19814,-35.53766,-66.94182,-11.40415,19.0
336,1269.31,1644.57,2.0,670.0,-36.1481,-35.05228,-37.49546,5.420619,-35.05219,-66.93991,-11.88772,19.0
337,1271.31,1644.61,2.0,672.0,-29.4766,-29.35679,-28.23456,15.53203,-29.35677,-60.26841,-10.91165,19.0
338,1273.31,1644.71,2.0,674.0,-29.3056,-28.80217,-27.74167,9.104102,-28.80215,-60.09741,-11.29527,19.0
339,1275.3,1644.86,2.0,676.0,-25.8044,-25.52594,-24.78263,11.79015,-25.52593,-56.59621,-11.07028,19.0
340,1277.29,1645.08,2.0,678.0,-30.9389,-29.41865,-29.556,3.776339,-29.41863,-61.73071,-12.31209,19.0
341,1279.27,1645.36,2.0,680.0,-25.2572,-25.0208,-26.52052,12.52247,-25.02079,-56.04901,-11.02822,19.0
342,1281.24,1645.69,2.0,682.0,-28.5261,-28.05151,-26.71268,9.375004,-28.05149,-59.31791,-11.26642,19.0
343,1283.21,1646.06,2.0,684.0,-27.2436,-27.09563,-28.27344,14.6015,-27.09562,-58.03541,-10.9398,19.0
344,1285.17,1646.45,2.0,686.0,-27.3435,-26.90893,-25.7462,9.778008,-26.90892,-58.13531,-11.2264,19.0
345,1287.12,1646.88,2.0,688.0,-23.6487,-23.52843,-23.06873,15.51566,-23.52842,-54.44051,-10.91209,19.0
346,1289.07,1647.32,2.0,690.0,-25.0029,-24.67846,-23.23971,11.10311,-24.67845,-55.79471,-11.11626,19.0
347,1291.02,1647.78,2.0,692.0,-25.4435,-25.04127,-24.72109,10.13034,-25.04126,-56.23531,-11.19405,19.0
348,1292.96,1648.25,2.0,694.0,-25.0686,-24.91399,-26.93095,14.40787,-24.91399,-55.86041,-10.94642,19.0
349,1294.9,1648.74,2.0,696.0,-25.5609,-25.44449,-26.90269,15.65946,-25.44449,-56.35271,-10.90823,19.0
350,1296.84,1649.22,2.0,698.0,-25.527,-25.45354,-25.66571,17.68012,-25.45353,-56.31881,-10.86528,19.0
351,1298.78,1649.72,2.0,700.0,-26.6514,-26.38849,-28.42657,12.04746,-26.38848,-57.44321,-11.05473,19.0
352,1300.71,1650.21,2.0,702.0,-27.4075,-27.17584,-28.05795,12.6127,-27.17582,-58.19931,-11.02349,19.0
353,1302.65,1650.7,2.0,704.0,-26.7866,-26.20746,-24.98497,8.457146,-26.20745,-57.57841,-11.37096,19.0
354,1304.59,1651.19,2.0,706.0,-26.3079,-25.71448,-26.63303,8.34407,-25.71447,-57.09971,-11.38524,19.0
355,1306.53,1651.67,2.0,708.0,-27.4897,-25.3753,-34.22892,2.025934,-25.37529,-58.28151,-12.90622,19.0
356,1308.48,1652.14,2.0,710.0,-28.0368,-26.10856,-25.81781,2.526462,-26.10855,-58.82861,-12.72007,19.0
357,1310.42,1652.61,2.0,712.0,-28.3093,-24.66651,-22.68604,-1.18448,-24.6665,-59.10111,-14.43461,8.0
358,1312.37,1653.06,2.0,714.0,-26.592,-23.55169,-24.0916,-0.05982681,-23.55168,-57.38381,-13.83213,8.0
359,1314.32,1653.51,2.0,716.0,-28.8649,-24.89971,-25.3861,-1.737214,-24.8997,-59.65671,-14.75701,19.0
360,1316.27,1653.94,2.0,718.0,-29.8606,-25.63375,-23.83779,-2.16585,-25.63374,-60.65241,-15.01868,19.0
361,1318.23,1654.35,2.0,720.0,-23.3092,-21.59483,-20.87195,3.151433,-21.59483,-54.10101,-12.50619,19.0
362,1320.18,1654.75,2.0,722.0,-28.4541,-25.99169,-27.94672,1.174999,-25.99168,-59.24591,-13.25423,8.0
363,1322.15,1655.14,2.0,724.0,-28.1528,-25.58283,-31.45643,0.9303701,-25.58282,-58.94461,-13.36179,8.0
364,1324.11,1655.51,2.0,726.0,-21.4056,-20.31638,-25.06794,5.450673,-20.31638,-52.19741,-11.88104,19.0
365,1326.08,1655.85,2.0,728.0,-21.1854,-20.24624,-21.36066,6.17239,-20.24623,-51.97721,-11.73098,19.0
366,1328.05,1656.18,2.0,730.0,-29.803,-26.17955,-30.02103,-1.150364,-26.17954,-60.59481,-14.41527,8.0
367,1330.03,1656.49,2.0,732.0,-21.1669,-20.36384,-18.79547,6.922636,-20.36384,-51.95871,-11.59487,19.0
368,1332.01,1656.78,2.0,734.0,-26.8515,-24.02321,-22.16182,0.3719746,-24.02321,-57.64331,-13.62011,19.0
369,1333.99,1657.04,2.0,736.0,-24.7209,-22.82915,-18.3703,2.629049,-22.82915,-55.51271,-12.68356,19.0
370,1335.97,1657.28,2.0,738.0,-21.6821,-20.78803,-22.47217,6.409383,-20.78802,-52.47391,-11.68589,19.0
371,1337.96,1657.5,2.0,740.0,-25.3717,-23.48819,-21.23644,2.652422,-23.48819,-56.16351,-12.67532,19.0
372,1339.95,1657.7,2.0,742.0,-25.3442,-23.2734,-23.71257,2.139992,-23.2734,-56.13601,-12.86261,19.0
373,1341.94,1657.87,2.0,744.0,-31.1266,-26.5017,-24.95399,-2.788957,-26.50169,-61.91841,-15.41672,8.0
374,1343.93,1658.01,2.0,746.0,-28.9376,-25.11508,-32.40838,-1.49622,-25.11507,-59.72941,-14.61434,19.0
375,1345.93,1658.13,2.0,748.0,-25.1311,-23.38153,-26.08735,3.044399,-23.38152,-55.92291,-12.54139,19.0
376,1347.93,1658.22,2.0,750.0,-30.5062,-29.39866,-27.82636,5.36859,-29.39863,-61.29801,-11.89938,20.0
377,1349.92,1658.28,2.0,752.0,-30.2728,-30.05857,-29.5175,12.9609,-30.05854,-61.06461,-11.00607,20.0
378,1351.92,1658.32,2.0,754.0,-26.2433,-24.67576,-22.20184,3.618323,-24.67576,-57.03511,-12.35936,19.0
379,1353.92,1658.33,2.0,756.0,-28.2233,-25.23798,-28.6784,0.05009351,-25.23797,-59.01511,-13.77714,19.0
380,1355.92,1658.31,2.0,758.0,-30.4387,-29.65907,-35.86699,7.063175,-29.65905,-61.23051,-11.57146,20.0
381,1357.92,1658.26,2.0,760.0,-29.543,-27.22348,-26.25916,1.512579,-27.22347,-60.33481,-13.11134,19.0
382,1359.92,1658.19,2.0,762.0,-27.7655,-27.50236,-26.04514,12.04355,-27.50235,-58.55731,-11.05496,20.0
383,1361.91,1658.08,2.0,764.0,-29.2975,-26.66155,-26.70173,0.7840105,-26.66154,-60.08931,-13.42777,19.0
384,1363.91,1657.95,2.0,766.0,-26.5785,-24.79291,-23.45427,2.936653,-24.7929,-57.37032,-12.57741,19.0
385,1365.9,1657.79,2.0,768.0,-24.9466,-22.58823,-43.26755,1.419292,-22.58822,-55.73841,-13.15019,19.0
386,1367.89,1657.59,2.0,770.0,-24.0722,-22.86558,-25.94011,4.944868,-22.86558,-54.86401,-11.99843,19.0
387,1369.88,1657.37,2.0,772.0,-26.8398,-26.5064,-24.8024,10.98021,-26.50638,-57.63161,-11.12523,19.0
388,1371.86,1657.12,2.0,774.0,-27.9028,-27.76754,-29.19542,14.99779,-27.76752,-58.69461,-10.92709,19.0
389,1373.84,1656.84,2.0,776.0,-25.8988,-25.81881,-25.11207,17.30692,-25.8188,-56.69061,-10.87181,19.0
390,1375.81,1656.53,2.0,778.0,-30.0036,-29.83392,-31.62648,13.99563,-29.83389,-60.79541,-10.96152,19.0
391,1377.78,1656.19,2.0,780.0,-29.8908,-29.75382,-30.00075,14.94191,-29.7538,-60.68261,-10.92881,19.0
392,1379.75,1655.82,2.0,782.0,-27.8659,-27.79748,-26.40062,17.99084,-27.79747,-58.65771,-10.86025,19.0
393,1381.71,1655.43,2.0,784.0,-25.2557,-25.21298,-25.26967,20.04882,-25.21297,-56.04751,-10.83455,19.0
394,1383.66,1655.0,2.0,786.0,-23.9748,-23.95254,-23.58079,22.88954,-23.95253,-54.76661,-10.81408,19.0
395,1385.61,1654.55,2.0,788.0,-27.3797,-27.34012,-27.96587,20.382,-27.34011,-58.17151,-10.8314,19.0
396,1387.55,1654.07,2.0,790.0,-24.3595,-24.34276,-24.16299,24.12962,-24.34275,-55.15132,-10.80856,19.0
397,1389.49,1653.56,2.0,792.0,-25.1946,-25.17431,-25.28108,23.29423,-25.1743,-55.98641,-10.81211,19.0
398,1391.41,1653.03,2.0,794.0,-22.5901,-22.57742,-22.4688,25.33858,-22.57741,-53.38191,-10.8045,19.0
399,1393.33,1652.46,2.0,796.0,-21.2081,-21.19822,-21.31385,26.42554,-21.19822,-51.99991,-10.80169,19.0
400,1395.24,1651.87,2.0,798.0,-20.9464,-20.93006,-21.29833,24.23729,-20.93006,-51.73821,-10.80815,19.0
401,1397.14,1651.26,2.0,800.0,-22.1996,-22.11141,-20.74462,16.87926,-22.11141,-52.99141,-10.88001,19.0
402,1399.04,1650.62,2.0,802.0,-25.9009,-25.78366,-24.8342,15.62806,-25.78365,-56.69271,-10.90906,19.0
403,1400.92,1649.95,2.0,804.0,-19.8676,-19.8371,-19.7704,21.5191,-19.8371,-50.65941,-10.82232,19.0
404,1402.8,1649.26,2.0,806.0,-25.2872,-25.12472,-27.24276,14.18825,-25.12472,-56.07901,-10.9543,19.0
405,1404.66,1648.54,2.0,808.0,-33.4852,-31.2525,-35.99759,1.725381,-31.25246,-64.27701,-13.02455,19.0
406,1406.52,1647.8,2.0,810.0,-30.211,-28.6224,-28.6624,3.549136,-28.62238,-61.00281,-12.38044,19.0
407,1408.37,1647.04,2.0,812.0,-33.4589,-31.42245,-29.18847,2.231052,-31.42241,-64.25071,-12.82831,19.0
408,1410.21,1646.25,2.0,814.0,-29.2621,-28.54179,-32.17244,7.437386,-28.54177,-60.05391,-11.51214,19.0
409,1412.03,1645.44,2.0,816.0,-29.3192,-28.12692,-24.51109,5.004209,-28.1269,-60.11101,-11.98411,19.0
410,1413.85,1644.62,2.0,818.0,-30.4824,-29.35265,-29.10748,5.270783,-29.35262,-61.27421,-11.92159,19.0
411,1415.66,1643.77,2.0,820.0,-30.0018,-27.40272,-24.40955,0.8654572,-27.40271,-60.79361,-13.39091,19.0
412,1417.46,1642.91,2.0,822.0,-26.6855,-26.25598,-25.81146,9.831339,-26.25597,-57.47731,-11.22135,19.0
413,1419.26,1642.03,2.0,824.0,-27.6194,-26.86095,-29.00573,7.193759,-26.86094,-58.41121,-11.55027,19.0
414,1421.05,1641.13,2.0,826.0,-25.6784,-25.52535,-23.77318,14.45241,-25.52534,-56.47021,-10.94487,19.0
415,1422.83,1640.22,2.0,828.0,-27.2491,-26.90568,-25.18717,10.84659,-26.90567,-58.04091,-11.13524,19.0
416,1424.6,1639.3,2.0,830.0,-23.8794,-23.62571,-21.7601,12.20725,-23.6257,-54.67121,-11.04551,19.0
417,1426.37,1638.36,2.0,832.0,-25.3506,-25.02448,-23.42071,11.07991,-25.02447,-56.14241,-11.11794,19.0
418,1428.13,1637.42,2.0,834.0,-25.2675,-25.00443,-24.36114,12.04478,-25.00442,-56.05931,-11.05489,19.0
419,1429.88,1636.46,2.0,836.0,-26.9616,-26.62858,-29.49872,10.98544,-26.62857,-57.75341,-11.12484,19.0
420,1431.63,1635.49,2.0,838.0,-27.1076,-26.74123,-28.50809,10.55396,-26.74121,-57.89941,-11.1582,19.0
421,1433.37,1634.51,2.0,840.0,-26.5804,-26.29764,-24.71912,11.72132,-26.29763,-57.37221,-11.07458,19.0
422,1435.11,1633.52,2.0,842.0,-28.049,-27.72839,-30.2403,11.15655,-27.72838,-58.84081,-11.11244,19.0
423,1436.84,1632.52,2.0,844.0,-29.6005,-29.2636,-27.98718,10.93303,-29.26358,-60.39231,-11.12873,19.0
424,1438.56,1631.52,2.0,846.0,-31.6837,-31.18337,-30.63133,9.132365,-31.18333,-62.47552,-11.29218,19.0
425,1440.28,1630.5,2.0,848.0,-32.5294,-32.40135,-32.65782,15.23803,-32.4013,-63.32121,-10.91992,19.0
426,1442.0,1629.47,2.0,850.0,-34.073,-31.48335,-27.60207,0.8863656,-31.48331,-64.86481,-13.3815,19.0
427,1443.71,1628.44,2.0,852.0,-32.2482,-31.15845,-29.70869,5.448123,-31.15841,-63.04001,-11.8816,19.0
428,1445.42,1627.4,2.0,854.0,-30.892,-30.11302,-34.8624,7.067098,-30.11299,-61.68381,-11.57082,19.0
429,1447.12,1626.36,2.0,856.0,-41.4646,-37.41685,-34.18173,-1.874485,-37.4167,-72.25641,-14.83971,19.0
430,1448.82,1625.3,2.0,858.0,-36.596,-35.80074,-39.78399,6.968439,-35.80064,-67.38781,-11.58718,11.0
431,1450.51,1624.24,2.0,860.0,-32.3467,-29.75603,-37.1115,0.884132,-29.756,-63.13851,-13.38251,19.0
432,1452.2,1623.17,2.0,862.0,-25.59,-24.41385,-32.39015,5.07186,-24.41385,-56.38181,-11.96797,19.0
433,1453.89,1622.1,2.0,864.0,-21.3501,-21.34679,-21.31974,31.17755,-21.34679,-52.14191,-10.79512,19.0
434,1455.57,1621.02,2.0,866.0,-22.2085,-22.17193,-22.39854,20.72791,-22.17193,-53.00031,-10.82839,19.0
435,1457.25,1619.94,2.0,868.0,-20.7726,-20.67537,-22.40336,16.45106,-20.67537,-51.56441,-10.88904,19.0
436,1458.92,1618.85,2.0,870.0,-19.835,-19.82994,-20.19081,29.33585,-19.82994,-50.62681,-10.79687,19.0
437,1460.6,1617.76,2.0,872.0,-19.3865,-19.38192,-19.42846,29.76646,-19.38192,-50.17831,-10.79639,19.0
438,1462.26,1616.66,2.0,874.0,-21.4607,-21.44985,-21.72746,26.01463,-21.44984,-52.25251,-10.80267,19.0
439,1463.93,1615.55,2.0,876.0,-21.229,-21.21784,-21.72344,25.8957,-21.21784,-52.02081,-10.80297,19.0
440,1465.59,1614.44,2.0,878.0,-19.6569,-19.63106,-19.25957,22.24151,-19.63106,-50.44871,-10.81766,19.0
441,1467.25,1613.33,2.0,880.0,-21.7441,-21.72591,-21.90313,23.76895,-21.7259,-52.53591,-10.81001,19.0
442,1468.91,1612.21,2.0,882.0,-19.5224,-19.50674,-19.46398,24.42095,-19.50674,-50.31421,-10.80748,19.0
443,1470.56,1611.09,2.0,884.0,-20.2488,-20.20801,-19.26925,20.25179,-20.20801,-51.04061,-10.8326,19.0
444,1472.21,1609.96,2.0,886.0,-20.5268,-20.49941,-21.15412,21.98846,-20.49941,-51.31861,-10.8192,19.0
445,1473.86,1608.83,2.0,888.0,-20.9682,-20.949,-20.55754,23.53508,-20.949,-51.76001,-10.81101,19.0
446,1475.5,1607.7,2.0,890.0,-20.3905,-20.37251,-20.73979,23.81842,-20.37251,-51.18231,-10.8098,19.0
447,1477.15,1606.56,2.0,892.0,-19.8,-19.79841,-19.59993,34.36433,-19.79841,-50.59181,-10.7934,19.0
448,1478.79,1605.42,2.0,894.0,-20.1455,-20.14344,-20.287,33.2181,-20.14343,-50.93731,-10.79388,19.0
449,1480.43,1604.27,2.0,896.0,-21.9761,-21.97139,-22.06723,29.64523,-21.97139,-52.76791,-10.79652,19.0
450,1482.06,1603.12,2.0,898.0,-21.2183,-21.21474,-21.32365,30.86295,-21.21474,-52.01011,-10.79537,19.0
451,1483.7,1601.97,2.0,900.0,-19.1856,-19.18342,-19.24607,32.99115,-19.18342,-49.97741,-10.79399,19.0
452,1485.33,1600.82,2.0,902.0,-19.0334,-19.03165,-18.98191,33.95567,-19.03165,-49.82521,-10.79356,19.0
453,1486.96,1599.66,2.0,904.0,-19.6123,-19.60929,-19.7621,31.58594,-19.60929,-50.40412,-10.79483,19.0
454,1488.59,1598.5,2.0,906.0,-19.8286,-19.82584,-19.73154,31.95934,-19.82584,-50.62041,-10.79458,19.0
455,1490.21,1597.34,2.0,908.0,-21.2291,-21.22533,-21.22316,30.60377,-21.22532,-52.02091,-10.79559,19.0
456,1491.84,1596.17,2.0,910.0,-23.3988,-23.38627,-23.65074,25.38893,-23.38626,-54.19061,-10.80435,19.0
457,1493.46,1595.0,2.0,912.0,-24.2778,-24.26852,-24.65356,26.69505,-24.26852,-55.06961,-10.8011,19.0
458,1495.08,1593.83,2.0,914.0,-27.2012,-26.9477,-25.15996,12.21048,-26.94769,-57.99301,-11.04532,19.0
459,1496.7,1592.66,2.0,916.0,-28.173,-27.69603,-28.76736,9.352155,-27.69602,-58.96481,-11.26879,19.0
460,1498.32,1591.49,2.0,918.0,-31.5765,-30.26721,-26.81222,4.536278,-30.26718,-62.36831,-12.10114,19.0
461,1499.93,1590.31,2.0,920.0,-31.7294,-29.96695,-27.41447,3.005599,-29.96692,-62.52122,-12.55429,19.0
462,1501.54,1589.13,2.0,922.0,-33.7894,-30.12783,-28.46814,-1.217525,-30.12781,-64.58121,-14.4534,19.0
463,1503.15,1587.95,2.0,924.0,-35.4547,-32.2247,-29.85169,-0.4289121,-32.22465,-66.24651,-14.02186,11.0
464,1504.77,1586.76,2.0,926.0,-38.2437,-35.20734,-33.28299,-0.05213666,-35.20725,-69.03551,-13.82826,19.0
465,1506.38,1585.58,2.0,928.0,-37.4441,-33.52892,-38.80702,-1.653449,-33.52886,-68.23591,-14.70705,19.0
466,1507.98,1584.39,2.0,930.0,-43.5391,-40.14024,-39.85817,-0.7457206,-40.13995,-74.33091,-14.19096,11.0
467,1509.59,1583.2,2.0,932.0,-35.3757,-34.49278,-38.81179,6.46925,-34.4927,-66.16751,-11.67481,19.0
468,1511.19,1582.01,2.0,934.0,-33.1451,-32.8983,-33.48182,12.32942,-32.89824,-63.93691,-11.03867,19.0
469,1512.8,1580.82,2.0,936.0,-36.0727,-35.74089,-35.37008,11.00051,-35.74078,-66.86452,-11.12373,19.0
470,1514.4,1579.62,2.0,938.0,-32.4581,-31.93683,-33.73577,8.943559,-31.93678,-63.24991,-11.31313,19.0
471,1516.0,1578.43,2.0,940.0,-35.1663,-34.1216,-37.69136,5.654792,-34.12153,-65.95811,-11.83658,19.0
472,1517.6,1577.23,2.0,942.0,-34.6996,-31.89072,-29.73115,0.412542,-31.89068,-65.49141,-13.60074,19.0
473,1519.2,1576.03,2.0,944.0,-29.0832,-28.11315,-32.32934,6.015749,-28.11313,-59.87501,-11.76188,11.0
474,1520.8,1574.83,2.0,946.0,-24.0016,-23.69034,-24.31301,11.28997,-23.69033,-54.79341,-11.10308,11.0
475,1522.4,1573.63,2.0,948.0,-25.9661,-25.3955,-22.93522,8.525983,-25.39549,-56.75791,-11.36243,11.0
476,1523.99,1572.43,2.0,950.0,-25.4957,-25.12504,-25.22432,10.50133,-25.12503,-56.28751,-11.16248,11.0
477,1525.59,1571.23,2.0,952.0,-24.4583,-23.97546,-24.88595,9.296122,-23.97546,-55.25011,-11.27466,11.0
478,1527.18,1570.02,2.0,954.0,-24.56,-24.13801,-25.40873,9.912023,-24.138,-55.35181,-11.21381,11.0
479,1528.78,1568.81,2.0,956.0,-24.4071,-24.04981,-26.53784,10.66765,-24.0498,-55.19891,-11.14911,11.0
480,1530.37,1567.61,2.0,958.0,-23.5759,-23.0087,-22.57775,8.553765,-23.00869,-54.36771,-11.35902,11.0
481,1531.97,1566.4,2.0,960.0,-23.9421,-23.52294,-26.75156,9.942724,-23.52293,-54.73391,-11.21098,11.0
482,1533.56,1565.19,2.0,962.0,-23.641,-22.91521,-21.58564,7.40172,-22.9152,-54.43281,-11.51761,11.0
483,1535.15,1563.98,2.0,964.0,-23.2163,-22.83029,-26.54218,10.31734,-22.83028,-54.00811,-11.17783,11.0
484,1536.74,1562.77,2.0,966.0,-22.9116,-22.53686,-22.20057,10.45172,-22.53685,-53.70341,-11.16656,11.0
485,1538.33,1561.55,2.0,968.0,-22.5737,-22.08629,-21.50556,9.252843,-22.08628,-53.36551,-11.27923,11.0
486,1539.92,1560.34,2.0,970.0,-22.3836,-21.81695,-24.12718,8.558247,-21.81694,-53.17541,-11.35847,11.0
487,1541.51,1559.13,2.0,972.0,-21.8968,-21.18326,-18.8675,7.481972,-21.18326,-52.68861,-11.50536,11.0
488,1543.09,1557.92,2.0,974.0,-22.5476,-21.55615,-28.28393,5.909968,-21.55614,-53.33941,-11.78327,11.0
489,1544.68,1556.7,2.0,976.0,-23.8978,-22.64622,-20.89504,4.762426,-22.64621,-54.68961,-12.0434,11.0
490,1546.27,1555.49,2.0,978.0,-39.1524,-35.65459,-32.6965,-0.9259641,-35.65449,-69.94422,-14.28973,19.0
491,1547.85,1554.27,2.0,980.0,-44.7265,-42.25909,-40.99119,1.16241,-42.25863,-75.51831,-13.25968,19.0
492,1549.44,1553.06,2.0,982.0,-49.432,-47.32106,-45.25946,2.031114,-47.31958,-80.22381,-12.90423,11.0
493,1551.02,1551.84,2.0,984.0,-47.3628,-45.04684,-41.84072,1.519104,-45.04597,-78.15461,-13.10865,11.0
494,1552.61,1550.62,2.0,986.0,-46.1278,-43.67587,-43.03658,1.197794,-43.67523,-76.91961,-13.24438,19.0
495,1554.2,1549.41,2.0,988.0,-47.611,-44.7183,-62.46772,0.2368053,-44.71749,-78.40281,-13.68532,11.0
496,1555.78,1548.19,2.0,990.0,-47.3157,-44.12478,-42.32027,-0.3554003,-44.12407,-78.10751,-13.98345,11.0
497,1557.36,1546.97,2.0,992.0,-43.8222,-41.5311,-38.98101,1.580651,-41.53071,-74.61401,-13.0833,19.0
498,1558.95,1545.75,2.0,994.0,-40.1126,-38.89449,-42.16935,4.896817,-38.89428,-70.90441,-12.01014,19.0
499,1560.53,1544.53,2.0,996.0,-42.8415,-39.8987,-62.71201,0.1355204,-39.89843,-73.63331,-13.73488,19.0
500,1562.12,1543.32,2.0,998.0,-37.7191,-36.64831,-38.50605,5.533831,-36.64819,-68.51091,-11.86273,19.0
501,1563.7,1542.1,2.0,1000.0,-42.3242,-39.5601,-35.72814,0.5066663,-39.55985,-73.11601,-13.55616,19.0
502,1565.28,1540.88,2.0,1002.0,-43.8279,-41.06022,-41.13324,0.4988513,-41.05987,-74.61971,-13.55984,11.0
503,1566.87,1539.66,2.0,1004.0,-40.536,-38.31528,-40.83765,1.754876,-38.3151,-71.32781,-13.01271,19.0
504,1568.45,1538.44,2.0,1006.0,-43.6244,-40.99764,-45.98885,0.8035004,-40.9973,-74.41621,-13.41892,11.0
505,1570.03,1537.23,2.0,1008.0,-40.4575,-38.59442,-47.20289,2.710174,-38.59423,-71.24931,-12.65509,19.0
506,1571.62,1536.01,2.0,1010.0,-38.8602,-37.99764,-40.56198,6.580615,-37.99747,-69.65201,-11.65454,19.0
507,1573.2,1534.79,2.0,1012.0,-36.3467,-35.62775,-35.74489,7.445813,-35.62765,-67.13851,-11.51086,19.0
508,1574.78,1533.57,2.0,1014.0,-30.8951,-30.71024,-29.12094,13.61582,-30.7102,-61.68691,-10.97671,19.0
509,1576.37,1532.35,2.0,1016.0,-38.4626,-38.00256,-38.30542,9.51609,-38.00239,-69.25441,-11.25203,19.0
510,1577.95,1531.14,2.0,1018.0,-43.8485,-41.70384,-54.50882,1.946851,-41.70343,-74.64031,-12.93688,19.0
511,1579.54,1529.92,2.0,1020.0,-32.0487,-31.90994,-30.94844,14.88427,-31.90989,-62.84051,-10.93062,19.0
512,1581.12,1528.7,2.0,1022.0,-35.6207,-35.2724,-34.74049,10.78187,-35.27231,-66.41251,-11.1402,19.0
513,1582.71,1527.48,2.0,1024.0,-39.8758,-39.79043,-39.02832,17.00858,-39.79017,-70.66762,-10.87744,19.0
514,1584.29,1526.27,2.0,1026.0,-34.1563,-34.1226,-33.62788,21.07586,-34.12253,-64.94811,-10.82558,19.0
515,1585.88,1525.05,2.0,1028.0,-33.8128,-33.79227,-33.08687,23.22965,-33.7922,-64.60461,-10.81241,19.0
516,1587.47,1523.84,2.0,1030.0,-51.6843,-49.1039,-55.99549,0.9021028,-49.10167,-82.47612,-13.37444,19.0
517,1589.05,1522.62,2.0,1032.0,-35.1471,-35.11536,-36.22744,21.33401,-35.11527,-65.93891,-10.82364,19.0
518,1590.64,1521.41,2.0,1034.0,-32.4735,-32.41145,-32.04085,18.41636,-32.4114,-63.26531,-10.85391,19.0
519,1592.23,1520.19,2.0,1036.0,-43.7278,-42.35157,-43.52425,4.282939,-42.3511,-74.51961,-12.16851,19.0
520,1593.82,1518.98,2.0,1038.0,-34.4513,-34.05717,-36.86995,10.22204,-34.0571,-65.24312,-11.18602,19.0
521,1595.41,1517.77,2.0,1040.0,-40.3668,-38.8,-37.27322,3.620116,-38.7998,-71.15861,-12.35881,19.0
522,1597.0,1516.56,2.0,1042.0,-33.8236,-33.40552,-36.58071,9.953869,-33.40546,-64.61541,-11.20995,19.0
523,1598.59,1515.35,2.0,1044.0,-34.6731,-34.14162,-32.24131,8.853868,-34.14154,-65.46491,-11.32337,19.0
524,1600.18,1514.14,2.0,1046.0,-33.8207,-33.32218,-37.03383,9.148802,-33.32212,-64.61251,-11.29039,19.0
525,1601.77,1512.93,2.0,1048.0,-32.3569,-31.95331,-29.71485,10.11454,-31.95326,-63.14871,-11.19545,19.0
526,1603.36,1511.72,2.0,1050.0,-34.3717,-33.7936,-36.28904,8.465061,-33.79354,-65.16351,-11.36997,19.0
527,1604.96,1510.51,2.0,1052.0,-32.3953,-31.9561,-31.38257,9.729294,-31.95606,-63.18711,-11.23106,19.0
528,1606.55,1509.31,2.0,1054.0,-32.9128,-32.38377,-34.16939,8.875432,-32.38372,-63.70461,-11.32089,19.0
529,1608.14,1508.1,2.0,1056.0,-32.6755,-32.11042,-31.94677,8.570791,-32.11038,-63.46731,-11.35694,19.0
530,1609.74,1506.9,2.0,1058.0,-31.8471,-31.36186,-32.9781,9.273017,-31.36182,-62.63891,-11.27709,19.0
531,1611.34,1505.7,2.0,1060.0,-31.6438,-30.99526,-31.22613,7.929943,-30.99523,-62.43561,-11.44038,19.0
532,1612.93,1504.5,2.0,1062.0,-31.9661,-31.35391,-33.85078,8.199039,-31.35388,-62.75791,-11.40404,19.0
533,1614.53,1503.3,2.0,1064.0,-36.2893,-35.75053,-35.51977,8.790767,-35.75043,-67.08111,-11.33068,19.0
534,1616.13,1502.1,2.0,1066.0,-35.8135,-35.50613,-39.12493,11.34528,-35.50604,-66.60531,-11.09928,19.0
535,1617.73,1500.9,2.0,1068.0,-36.2516,-35.74206,-36.14258,9.047887,-35.74196,-67.04341,-11.30145,19.0
536,1619.33,1499.71,2.0,1070.0,-33.1485,-33.0163,-34.45059,15.09734,-33.01624,-63.94031,-10.92407,19.0
537,1620.94,1498.51,2.0,1072.0,-35.7132,-35.69776,-35.56604,24.45519,-35.69766,-66.50501,-10.80735,19.0
538,1622.54,1497.32,2.0,1074.0,-35.9164,-35.90269,-36.07973,24.96754,-35.90259,-66.70821,-10.80563,19.0
539,1624.15,1496.13,2.0,1076.0,-35.9076,-35.88896,-36.75895,23.63904,-35.88885,-66.69941,-10.81056,19.0
540,1625.75,1494.94,2.0,1078.0,-36.6552,-36.62106,-37.56066,21.01178,-36.62093,-67.44701,-10.82608,19.0
541,1627.36,1493.76,2.0,1080.0,-35.2683,-35.23672,-36.13048,21.35569,-35.23663,-66.06011,-10.82348,19.0
542,1628.97,1492.57,2.0,1082.0,-40.082,-39.9877,-39.77272,16.57251,-39.98742,-70.87381,-10.88639,19.0
543,1630.58,1491.39,2.0,1084.0,-42.1337,-41.98367,-43.91253,14.52793,-41.98323,-72.92552,-10.94228,19.0
544,1632.19,1490.21,2.0,1086.0,-40.5922,-40.02089,-38.31274,8.518044,-40.02061,-71.38402,-11.36341,19.0
545,1633.81,1489.03,2.0,1088.0,-42.0435,-41.87813,-42.41698,14.09901,-41.87771,-72.83531,-10.95761,19.0
546,1635.42,1487.85,2.0,1090.0,-39.5837,-39.47127,-38.17001,15.80328,-39.47103,-70.37551,-10.90448,19.0
547,1637.04,1486.68,2.0,1092.0,-50.4542,-49.43429,-55.89927,5.76083,-49.43188,-81.24601,-11.81413,19.0
548,1638.66,1485.51,2.0,1094.0,-42.0858,-41.97774,-42.02286,15.96943,-41.97731,-72.87761,-10.90031,19.0
549,1640.28,1484.33,2.0,1096.0,-42.5915,-42.52533,-41.50533,18.10585,-42.52484,-73.38331,-10.85847,19.0
550,1641.9,1483.17,2.0,1098.0,-49.3326,-48.83541,-53.22682,9.14232,-48.83331,-80.12441,-11.2911,19.0
551,1643.52,1482.0,2.0,1100.0,-46.3949,-45.83627,-47.82885,8.615587,-45.83522,-77.18671,-11.35149,19.0
552,1645.15,1480.84,2.0,1102.0,-44.9905,-43.95606,-42.97377,5.700068,-43.95537,-75.78231,-11.82694,19.0
553,1646.78,1479.68,2.0,1104.0,-43.2646,-42.19335,-48.7505,5.530253,-42.1929,-74.05641,-11.86351,19.0
554,1648.41,1478.53,2.0,1106.0,-45.2017,-42.84333,-49.02528,1.418051,-42.8428,-75.99351,-13.15071,11.0
